Ngày,Lần cuối,Mở,Cao,Thấp,KL,% Thay đổi
28/04/2023,13500,13250,13750,13250,21.30M,2.27%
27/04/2023,13200,12700,13450,12600,30.21M,4.76%
26/04/2023,12600,12600,12700,12400,7.82M,0.40%
25/04/2023,12550,12950,12950,12550,10.09M,-1.57%
24/04/2023,12750,12500,12850,12500,7.78M,0.79%
21/04/2023,12650,12750,12950,12500,11.04M,0.40%
20/04/2023,12600,12950,12950,12500,8.34M,-0.79%
19/04/2023,12700,13200,13200,12550,12.72M,-2.68%
18/04/2023,13050,12700,13200,12400,18.31M,2.76%
17/04/2023,12700,12550,12850,12450,13.79M,-0.39%
14/04/2023,12750,13750,13800,12750,28.64M,-6.93%
13/04/2023,13700,13700,13900,13500,20.26M,0.37%
12/04/2023,13650,13800,13950,13400,21.95M,-0.36%
11/04/2023,13700,13100,13700,12900,19.74M,2.62%
10/04/2023,13350,13550,14000,13200,19.20M,-1.84%
07/04/2023,13600,13300,13650,13050,18.89M,3.82%
06/04/2023,13100,14000,14200,13100,28.01M,-4.38%
05/04/2023,13700,13350,13800,13300,14.02M,2.24%
04/04/2023,13400,13500,13650,13250,22.54M,0.00%
03/04/2023,13400,12950,13400,12850,20.09M,6.77%
31/03/2023,12550,12600,12600,12300,15.97M,0.80%
30/03/2023,12450,12600,12700,12400,16.28M,0.40%
29/03/2023,12400,12300,12450,12200,9.72M,0.40%
28/03/2023,12350,12200,12650,12200,20.88M,1.65%
27/03/2023,12150,12100,12300,11950,11.97M,2.53%
24/03/2023,11850,11800,12200,11650,19.10M,0.85%
23/03/2023,11750,11500,11750,11300,9.93M,2.17%
22/03/2023,11500,11750,11950,11500,12.35M,-0.43%
21/03/2023,11550,11000,11650,11000,17.32M,4.05%
20/03/2023,11100,11500,11650,11100,16.76M,-5.13%
17/03/2023,11700,11800,11900,11350,18.04M,2.18%
16/03/2023,11450,11300,11700,11300,23.54M,0.88%
15/03/2023,11350,11100,11350,10950,10.75M,6.57%
14/03/2023,10650,11150,11400,10500,17.58M,-4.91%
13/03/2023,11200,11100,11650,11100,13.12M,-0.44%
10/03/2023,11250,11200,11400,11000,15.15M,0.45%
09/03/2023,11200,11500,11550,11150,12.43M,0.00%
08/03/2023,11200,10300,11200,10300,24.61M,6.67%
07/03/2023,10500,11100,11100,10500,11.29M,-2.78%
06/03/2023,10800,10700,10800,10650,15.63M,6.93%
03/03/2023,10100,10450,10450,9900,10.04M,-0.49%
02/03/2023,10150,10200,10400,9900,9.14M,-1.46%
01/03/2023,10300,9810,10300,9710,12.83M,3.00%
28/02/2023,10000,10050,10200,9900,11.28M,1.94%
27/02/2023,9810,10100,10500,9650,16.61M,-5.22%
24/02/2023,10350,11000,11050,10350,8.10M,-5.05%
23/02/2023,10900,10800,11000,10300,11.66M,-0.91%
22/02/2023,11000,11500,11700,11000,19.38M,-6.78%
21/02/2023,11800,12200,12400,11800,14.86M,-0.84%
20/02/2023,11900,11300,11900,11300,14.52M,6.73%
17/02/2023,11150,11200,11600,11150,11.88M,0.00%
16/02/2023,11150,11150,11300,10650,9.23M,1.83%
15/02/2023,10950,10250,10950,10250,12.59M,6.83%
14/02/2023,10250,10900,11000,10150,10.72M,-5.09%
13/02/2023,10800,11300,11350,10800,13.54M,-6.90%
10/02/2023,11600,12500,12500,11600,10.47M,-5.69%
09/02/2023,12300,12200,12750,12200,4.73M,-1.60%
08/02/2023,12500,13300,13300,12000,10.20M,-1.57%
07/02/2023,12700,13750,13750,12700,9.58M,-5.93%
06/02/2023,13500,13150,13700,13000,8.05M,0.75%
03/02/2023,13400,13500,13900,13250,6.05M,-0.37%
02/02/2023,13450,13900,14050,13000,10.90M,-3.24%
01/02/2023,13900,15000,15150,13900,20.56M,-6.71%
31/01/2023,14900,14300,14900,14300,9.54M,3.47%
30/01/2023,14400,13900,15000,13700,16.46M,2.13%
27/01/2023,14100,14200,14350,14000,7.11M,0.71%
19/01/2023,14000,14150,14300,13900,7.75M,-1.06%
18/01/2023,14150,13950,14400,13700,9.95M,4.04%
17/01/2023,13600,12900,13600,12900,6.78M,5.84%
16/01/2023,12850,12900,13200,12650,4.02M,-0.39%
13/01/2023,12900,13300,13400,12800,4.99M,-1.15%
12/01/2023,13050,13400,13400,12950,4.51M,-2.25%
11/01/2023,13350,12900,13400,12750,9.10M,6.37%
10/01/2023,12550,12800,12900,12250,6.13M,-1.57%
09/01/2023,12750,13300,13450,12750,5.63M,-3.41%
06/01/2023,13200,13400,13850,13050,8.37M,-1.49%
05/01/2023,13400,13600,13650,13100,6.39M,-0.74%
04/01/2023,13500,13950,14150,13500,7.38M,-0.74%
03/01/2023,13600,12650,13600,12650,9.62M,6.67%
30/12/2022,12750,12550,12800,11900,9.80M,2.82%
29/12/2022,12400,12700,13300,12400,5.02M,-3.50%
28/12/2022,12850,13100,13200,12700,5.72M,-0.77%
27/12/2022,12950,12150,13150,11900,7.53M,5.28%
26/12/2022,12300,13000,13200,12300,9.30M,-6.82%
23/12/2022,13200,13600,13750,13100,4.77M,-3.30%
22/12/2022,13650,13650,13850,12900,8.34M,2.25%
21/12/2022,13350,13900,13900,12600,10.70M,-0.37%
20/12/2022,13400,14050,14250,13200,16.00M,-4.96%
19/12/2022,14100,15150,15650,14100,18.33M,-6.62%
16/12/2022,15100,14850,15700,14800,13.41M,0.00%
15/12/2022,15100,13900,15100,13900,20.74M,6.71%
14/12/2022,14150,14800,14800,13950,13.82M,-0.70%
13/12/2022,14250,13250,14250,12600,17.04M,6.74%
12/12/2022,13350,14350,14550,13350,20.45M,-6.97%
09/12/2022,14350,14500,14600,13650,17.39M,2.50%
08/12/2022,14000,13500,14000,13350,14.72M,6.87%
07/12/2022,13100,13500,13850,13100,24.09M,-6.76%
06/12/2022,14050,14500,14950,14050,31.74M,-6.95%
05/12/2022,15100,15550,15550,14450,23.67M,3.42%
02/12/2022,14600,13650,14600,13150,23.51M,6.96%
01/12/2022,13650,13650,13650,13000,27.93M,6.64%
30/11/2022,12800,12400,12800,12050,13.60M,6.67%
29/11/2022,12000,12000,12000,11300,41.84M,6.67%
28/11/2022,11250,11250,11250,11250,2.64M,6.64%
25/11/2022,10550,10300,10550,10150,6.63M,6.57%
24/11/2022,9900,9500,9990,9200,12.11M,3.13%
23/11/2022,9600,10200,10400,9600,10.71M,-5.88%
22/11/2022,10200,10600,11200,9900,22.23M,-2.86%
21/11/2022,10500,10900,10950,10250,16.01M,0.96%
18/11/2022,10400,9900,10400,9300,23.57M,6.67%
17/11/2022,9750,9450,9750,9350,16.49M,6.91%
16/11/2022,9120,7940,9120,7940,26.97M,6.92%
15/11/2022,8530,8530,8700,8530,11.08M,-6.98%
14/11/2022,9170,9170,9600,9170,6.83M,-7.00%
11/11/2022,9860,10800,11100,9860,12.06M,-6.98%
10/11/2022,10600,11000,11900,10600,5.47M,-6.61%
09/11/2022,11350,11350,11750,11200,7.86M,3.18%
08/11/2022,11000,11000,11500,11000,11.27M,-6.78%
07/11/2022,11800,12100,12500,11800,3.24M,-6.72%
04/11/2022,12650,13250,13500,12650,9.29M,-6.64%
03/11/2022,13550,13300,14000,13250,3.58M,-1.09%
02/11/2022,13700,14400,14550,13700,5.87M,-4.86%
01/11/2022,14400,14250,14600,14000,7.32M,2.86%
31/10/2022,14000,13350,14000,12850,8.53M,3.70%
28/10/2022,13500,13300,13700,13200,10.23M,5.06%
27/10/2022,12850,12100,12850,12100,6.09M,6.64%
26/10/2022,12050,13300,13300,12050,11.80M,-6.95%
25/10/2022,12950,13700,14300,12950,11.72M,-6.83%
24/10/2022,13900,14650,15000,13900,8.19M,-6.71%
21/10/2022,14900,16300,16300,14900,11.46M,-6.88%
20/10/2022,16000,16500,16800,16000,5.57M,-3.90%
19/10/2022,16650,16800,17250,16650,4.34M,-0.89%
18/10/2022,16800,16250,16900,16050,12.40M,6.33%
17/10/2022,15800,16350,16350,15400,4.98M,-4.24%
14/10/2022,16500,16900,17100,16400,7.13M,0.92%
13/10/2022,16350,16100,16550,16050,5.65M,1.55%
12/10/2022,16100,15300,16400,14550,7.48M,4.55%
11/10/2022,15400,16550,16550,15400,13.63M,-6.95%
10/10/2022,16550,16050,16900,15600,5.92M,1.22%
07/10/2022,16350,17400,17500,16350,22.86M,-6.84%
06/10/2022,17550,18900,19200,17550,9.19M,-6.90%
05/10/2022,18850,18100,18850,18000,6.23M,6.80%
04/10/2022,17650,19200,19250,17600,13.86M,-6.61%
03/10/2022,18900,20000,20400,18900,7.22M,-6.90%
30/09/2022,20300,20200,20500,18700,13.24M,1.50%
29/09/2022,20000,22150,22150,20000,10.81M,-6.98%
28/09/2022,21500,20800,22250,20800,8.70M,0.00%
27/09/2022,21500,22750,23000,21500,17.79M,-6.93%
26/09/2022,23100,24150,24350,23100,11.46M,-6.85%
23/09/2022,24800,25900,26000,24400,12.76M,-3.88%
22/09/2022,25800,24500,25900,24500,10.66M,3.61%
21/09/2022,24900,24600,25700,24600,9.73M,-0.20%
20/09/2022,24950,24500,25250,23950,7.05M,3.53%
19/09/2022,24100,24800,25200,24100,10.77M,-2.03%
16/09/2022,24600,25500,25600,24600,11.39M,-4.28%
15/09/2022,25700,26100,26350,25700,7.17M,-1.15%
14/09/2022,26000,24100,26100,24000,13.33M,5.48%
13/09/2022,24650,24650,24800,23950,9.27M,0.00%
12/09/2022,24650,25400,25400,24650,7.23M,-2.18%
09/09/2022,25200,24800,25200,23800,8.30M,3.28%
08/09/2022,24400,25100,25100,24000,9.29M,-1.01%
07/09/2022,24650,26250,26550,24650,14.18M,-6.98%
06/09/2022,26500,26000,26850,25750,9.65M,2.32%
05/09/2022,25900,26500,26800,25900,5.77M,-2.26%
31/08/2022,26500,25800,26500,25600,9.43M,1.92%
30/08/2022,26000,27600,27600,26000,11.44M,-4.41%
29/08/2022,27200,27200,27600,26050,23.40M,-2.86%
26/08/2022,28000,28400,29350,28000,14.37M,-0.53%
25/08/2022,28150,28300,28750,28150,7.21M,-0.71%
24/08/2022,28350,28700,28900,28050,7.06M,-0.87%
23/08/2022,28600,27500,28700,27500,10.50M,2.14%
22/08/2022,28000,28850,28850,27600,11.18M,-3.45%
19/08/2022,29000,29200,29650,28300,11.54M,1.22%
18/08/2022,28650,28350,28800,28050,5.29M,-0.17%
17/08/2022,28700,28100,29400,27950,11.38M,2.87%
16/08/2022,27900,28000,28300,27450,7.92M,-0.36%
15/08/2022,28000,28050,28650,27900,8.56M,0.00%
12/08/2022,28000,27650,28200,27600,5.69M,0.72%
11/08/2022,27800,28550,28550,27200,8.87M,-0.71%
10/08/2022,28000,26900,28850,26800,15.59M,3.70%
09/08/2022,27000,26750,27250,26300,8.98M,0.75%
08/08/2022,26800,27750,27800,26500,9.68M,-2.01%
05/08/2022,27350,26650,27450,26300,8.29M,2.43%
04/08/2022,26700,27000,27250,26300,9.00M,-1.11%
03/08/2022,27000,25800,27150,25800,8.67M,2.86%
02/08/2022,26250,26100,26650,25800,13.15M,-0.19%
01/08/2022,26300,24800,26300,24650,11.10M,6.05%
29/07/2022,24800,24300,25300,24250,10.83M,1.02%
28/07/2022,24550,24500,25100,24100,14.18M,2.72%
27/07/2022,23900,22450,23900,22400,11.18M,6.22%
26/07/2022,22500,21900,22700,21900,11.31M,2.74%
25/07/2022,21900,21700,22200,21550,4.24M,-0.45%
22/07/2022,22000,22200,22450,21900,7.00M,-1.35%
21/07/2022,22300,21700,22700,21700,11.82M,2.76%
20/07/2022,21700,21400,22100,21300,7.40M,3.83%
19/07/2022,20900,21300,21550,20500,6.92M,-2.34%
18/07/2022,21400,22200,22250,21000,8.73M,-2.51%
15/07/2022,21950,22000,22750,21750,10.53M,0.92%
14/07/2022,21750,21000,21950,21000,8.04M,1.87%
13/07/2022,21350,21850,21950,21250,9.95M,-2.29%
12/07/2022,21850,21200,22250,21050,9.68M,4.55%
11/07/2022,20900,21200,21650,20550,8.06M,-1.65%
08/07/2022,21250,20300,21250,20200,18.24M,6.78%
07/07/2022,19900,20000,20200,19450,3.25M,1.79%
06/07/2022,19550,19550,20900,19500,6.23M,-2.25%
05/07/2022,20000,20300,20600,19950,4.95M,-0.99%
04/07/2022,20200,20200,20450,19900,3.17M,2.54%
01/07/2022,19700,19500,20450,18600,5.33M,1.03%
30/06/2022,19500,20400,20800,19300,6.78M,-4.41%
29/06/2022,20400,20800,21300,20400,5.29M,-4.00%
28/06/2022,21250,21000,21950,20600,6.15M,1.19%
27/06/2022,21000,20400,21450,20350,5.84M,2.44%
24/06/2022,20500,20200,21350,20000,6.61M,1.49%
23/06/2022,20200,19000,20200,18700,7.05M,6.88%
22/06/2022,18900,18750,19700,18450,6.91M,2.44%
21/06/2022,18450,17500,18600,17200,7.54M,1.65%
20/06/2022,18150,19500,19900,18150,11.37M,-6.92%
17/06/2022,19500,18800,19600,18700,15.55M,-2.99%
16/06/2022,20100,21600,21800,20000,8.72M,-4.06%
15/06/2022,20950,22750,22850,20950,8.83M,-6.89%
14/06/2022,22500,21750,23350,21100,7.79M,1.35%
13/06/2022,22200,22600,23200,22200,8.74M,-6.92%
10/06/2022,23850,24200,25450,23650,12.93M,-3.64%
09/06/2022,24750,23800,24750,23700,13.10M,6.91%
08/06/2022,23150,22050,23150,22000,6.04M,6.93%
07/06/2022,21650,22100,22800,21650,20.24M,-6.88%
06/06/2022,23250,25000,25400,23250,19.79M,-7.00%
03/06/2022,25000,25600,26000,24650,9.30M,-3.29%
02/06/2022,25850,27100,27800,25300,11.12M,-4.26%
01/06/2022,27000,27650,27950,26600,7.32M,-2.35%
31/05/2022,27650,27800,28400,27300,7.39M,-1.95%
30/05/2022,28200,27800,28750,27350,8.81M,3.30%
27/05/2022,27300,27200,27800,27100,6.01M,0.37%
26/05/2022,27200,27750,28150,26900,9.60M,-1.27%
25/05/2022,27550,26450,27750,25850,11.46M,3.96%
24/05/2022,26500,25500,26500,23800,6.14M,4.74%
23/05/2022,25300,27000,27300,25100,7.53M,-6.12%
20/05/2022,26950,25450,27000,25200,11.71M,5.69%
19/05/2022,25500,25300,26500,25300,6.32M,-4.49%
18/05/2022,26700,26500,27800,25900,8.90M,1.91%
17/05/2022,26200,23250,26500,23250,19.26M,4.80%
16/05/2022,25000,27400,27500,25000,11.16M,-6.89%
13/05/2022,26850,28700,28700,26850,6.42M,-6.93%
12/05/2022,28850,30600,30750,28850,5.23M,-6.94%
11/05/2022,31000,30750,31050,28700,7.72M,1.97%
10/05/2022,30400,28200,30400,28200,13.57M,0.33%
09/05/2022,30300,31000,31950,30300,4.18M,-6.91%
06/05/2022,32550,34000,34550,32550,7.46M,-7.00%
05/05/2022,35000,35000,35700,33450,7.21M,0.86%
04/05/2022,34700,36000,36500,34550,5.32M,-5.19%
29/04/2022,36600,35300,37200,35050,6.01M,2.52%
28/04/2022,35700,35900,36650,35500,5.11M,-0.83%
27/04/2022,36000,34300,36000,33400,6.29M,3.75%
26/04/2022,34700,32500,35000,31500,8.31M,3.74%
25/04/2022,33450,34800,35650,32250,10.93M,-3.46%
22/04/2022,34650,33000,34650,32000,12.29M,6.94%
21/04/2022,32400,31250,34700,31200,18.17M,-3.28%
20/04/2022,33500,35350,36550,33450,13.77M,-6.42%
19/04/2022,35800,38800,38800,35800,10.13M,-6.53%
18/04/2022,38300,37000,38400,35600,11.46M,2.13%
15/04/2022,37500,39050,39850,37500,9.39M,-5.66%
14/04/2022,39750,40400,40400,39450,6.17M,-0.13%
13/04/2022,39800,37500,39800,35550,14.73M,6.99%
12/04/2022,37200,40050,40850,37200,15.03M,-7.00%
08/04/2022,40000,41500,42100,40000,10.16M,-3.61%
07/04/2022,41500,43400,43400,41050,10.61M,-4.16%
06/04/2022,43300,43500,44200,41500,11.98M,-1.37%
05/04/2022,43900,43000,44800,42500,9.80M,0.69%
04/04/2022,43600,46400,47250,43600,22.52M,-6.24%
01/04/2022,46500,46300,47100,45500,11.46M,-0.21%
31/03/2022,46600,46300,47400,46200,9.93M,1.08%
30/03/2022,46100,46500,47300,45000,14.31M,-1.39%
29/03/2022,46750,46000,47400,45550,13.55M,2.30%
28/03/2022,45700,45600,46550,43900,17.10M,-1.72%
25/03/2022,46500,46400,46950,45500,11.31M,0.76%
24/03/2022,46150,45250,47450,45000,21.82M,1.88%
23/03/2022,45300,45100,45900,44800,11.69M,0.22%
22/03/2022,45200,46000,46200,45100,12.47M,0.89%
21/03/2022,44800,42300,44800,42100,14.91M,6.92%
18/03/2022,41900,42000,42650,41400,10.10M,0.72%
17/03/2022,41600,42250,42350,41500,6.82M,0.00%
16/03/2022,41600,40500,41900,40300,8.42M,3.61%
15/03/2022,40150,40050,40750,39000,8.55M,0.63%
14/03/2022,39900,40500,41900,39100,15.29M,-1.72%
11/03/2022,40600,40100,41400,39600,8.32M,1.25%
10/03/2022,40100,40000,40950,39500,7.72M,3.22%
09/03/2022,38850,40100,40400,38350,14.93M,-2.88%
08/03/2022,40000,41000,42000,39950,13.75M,-4.76%
07/03/2022,42000,43900,44200,42000,10.76M,-4.55%
04/03/2022,44000,43600,45400,43500,8.23M,0.23%
03/03/2022,43900,43800,43900,42550,12.17M,0.92%
02/03/2022,43500,43400,44400,42500,10.92M,0.69%
01/03/2022,43200,42200,43400,41650,10.68M,2.13%
28/02/2022,42300,42700,43800,42000,8.76M,-2.08%
25/02/2022,43200,43700,45350,43150,15.20M,0.00%
24/02/2022,43200,41100,43200,38800,24.02M,6.93%
23/02/2022,40400,38800,40900,38700,13.47M,4.12%
22/02/2022,38800,38500,39200,37550,14.39M,-1.77%
21/02/2022,39500,39300,40100,38850,9.66M,1.54%
18/02/2022,38900,37800,39450,37500,11.53M,2.10%
17/02/2022,38100,37300,38400,37000,8.44M,1.74%
16/02/2022,37450,37700,38200,37150,6.64M,0.40%
15/02/2022,37300,35100,37300,34950,12.20M,6.57%
14/02/2022,35000,34350,35950,34300,6.52M,-0.28%
11/02/2022,35100,35000,35350,34750,4.97M,0.00%
10/02/2022,35100,35750,35800,34600,8.04M,-1.40%
09/02/2022,35600,35400,36200,35050,7.88M,0.85%
08/02/2022,35300,34600,35750,34500,6.35M,2.02%
07/02/2022,34600,34300,35650,34100,5.53M,2.22%
28/01/2022,33850,34250,35100,33650,6.96M,-2.45%
27/01/2022,34700,34000,35300,33550,10.16M,1.61%
26/01/2022,34150,32800,34200,31550,8.95M,5.73%
25/01/2022,32300,30100,32900,30100,7.31M,2.70%
24/01/2022,31450,33300,33400,31450,8.34M,-6.95%
21/01/2022,33800,34000,34400,32700,8.22M,-0.29%
20/01/2022,33900,31850,33900,31600,8.67M,6.94%
19/01/2022,31700,29600,31950,28500,11.13M,5.84%
18/01/2022,29950,30300,31850,29950,8.87M,-6.99%
17/01/2022,32200,35100,35150,32200,9.15M,-6.94%
14/01/2022,34600,33000,35650,32600,7.10M,0.00%
13/01/2022,34600,37300,37700,34600,14.53M,-6.99%
12/01/2022,37200,36400,37600,35250,21.54M,-1.85%
11/01/2022,37900,37000,38800,36800,16.06M,2.43%
10/01/2022,37000,38900,41000,37000,13.38M,-5.61%
07/01/2022,39200,38200,40000,37900,10.02M,3.02%
06/01/2022,38050,36150,38050,35600,14.18M,6.88%
05/01/2022,35600,35600,37200,35000,15.86M,1.14%
04/01/2022,35200,35050,36150,34700,7.88M,0.57%
31/12/2021,35000,35000,35400,34050,5.60M,0.00%
30/12/2021,35000,35700,35950,34450,5.98M,-1.96%
29/12/2021,35700,36000,36500,35450,5.81M,-0.42%
28/12/2021,35850,35300,36550,35050,9.86M,1.85%
27/12/2021,35200,34150,35500,33400,4.83M,2.33%
24/12/2021,34400,34200,34600,32500,9.86M,1.33%
23/12/2021,33950,36500,36500,33950,17.44M,-6.99%
22/12/2021,36500,35800,37200,35650,8.63M,1.81%
21/12/2021,35850,35200,36600,34750,10.05M,0.99%
20/12/2021,35500,35800,36100,34500,12.02M,-1.93%
17/12/2021,36200,36800,37000,35700,13.64M,0.00%
16/12/2021,36200,34450,36200,34250,13.63M,6.47%
15/12/2021,34000,33200,34450,33100,9.23M,2.10%
14/12/2021,33300,34500,34500,33050,9.78M,-2.35%
13/12/2021,34100,33600,34800,33200,10.13M,3.18%
10/12/2021,33050,33050,34150,32800,10.73M,0.00%
09/12/2021,33050,30700,33150,30700,11.66M,6.10%
08/12/2021,31150,31450,31950,31050,6.07M,-0.16%
07/12/2021,31200,30900,31950,29600,8.80M,3.31%
06/12/2021,30200,31300,31900,28950,18.15M,-2.89%
03/12/2021,31100,32500,33650,31100,15.15M,-3.42%
02/12/2021,32200,33000,33600,31750,15.85M,-3.16%
01/12/2021,33250,34700,34800,31850,27.75M,1.68%
30/11/2021,32700,32700,32700,32700,4.62M,6.86%
29/11/2021,30600,27800,30600,27800,11.66M,6.99%
26/11/2021,28600,29200,29800,28200,12.65M,0.35%
25/11/2021,28500,26800,28500,26800,24.11M,6.94%
24/11/2021,26650,26600,27000,26200,10.92M,2.50%
23/11/2021,26000,24500,26200,24250,11.01M,5.26%
22/11/2021,24700,26100,26550,24700,16.10M,-6.97%
19/11/2021,26550,27550,27600,25400,15.01M,-2.75%
18/11/2021,27300,26550,27950,26500,11.95M,2.44%
17/11/2021,26650,26400,27200,26000,9.86M,0.95%
16/11/2021,26400,26500,27400,25250,18.40M,-2.22%
15/11/2021,27000,27500,28000,26000,14.66M,0.00%
12/11/2021,27000,26600,27400,26200,11.32M,2.66%
11/11/2021,26300,27000,27450,26000,16.31M,-0.75%
10/11/2021,26500,26300,26900,26000,16.12M,0.38%
09/11/2021,26400,26150,27600,25900,22.12M,2.13%
08/11/2021,25850,24200,25850,23950,19.08M,6.82%
05/11/2021,24200,23350,24500,23050,10.00M,3.86%
04/11/2021,23300,23350,23800,22900,6.94M,0.00%
03/11/2021,23300,25000,25500,23250,19.92M,-6.61%
02/11/2021,24950,23550,25300,23250,16.12M,5.05%
01/11/2021,23750,24400,24450,23550,11.22M,-1.66%
29/10/2021,24150,24300,24700,23800,11.07M,0.21%
28/10/2021,24100,23450,24300,23300,11.24M,2.77%
27/10/2021,23450,22650,23500,22400,15.58M,5.16%
26/10/2021,22300,22000,22400,21650,5.87M,0.45%
25/10/2021,22200,22650,22900,22200,6.13M,-1.33%
22/10/2021,22500,21900,22900,21850,13.49M,3.45%
21/10/2021,21750,21200,21900,21000,5.95M,2.59%
20/10/2021,21200,21500,21750,20700,5.60M,-0.93%
19/10/2021,21400,21300,21850,21100,4.25M,0.00%
18/10/2021,21400,21900,21900,21400,5.58M,-0.70%
15/10/2021,21550,21600,21950,21100,4.14M,-0.23%
14/10/2021,21600,21500,22200,21500,7.19M,0.47%
13/10/2021,21500,21700,21900,21450,4.73M,-0.92%
12/10/2021,21700,21350,22200,21300,7.26M,0.46%
11/10/2021,21600,20900,21900,20850,8.84M,3.85%
08/10/2021,20800,21000,21200,20600,4.24M,-0.48%
07/10/2021,20900,19850,21100,19850,13.63M,5.82%
06/10/2021,19750,19000,19750,19000,6.87M,3.95%
05/10/2021,19000,19000,19150,18800,2.65M,0.00%
04/10/2021,19000,18650,19000,18300,3.23M,1.06%
01/10/2021,18800,18950,19150,18750,2.42M,-1.57%
30/09/2021,19100,19050,19250,19000,2.00M,0.26%
29/09/2021,19050,19000,19150,18700,2.59M,-0.78%
28/09/2021,19200,18800,19200,18600,4.09M,1.05%
27/09/2021,19000,19500,19800,19000,3.58M,-3.31%
24/09/2021,19650,19800,19900,19500,2.65M,-0.76%
23/09/2021,19800,19650,20400,19450,7.72M,2.33%
22/09/2021,19350,18900,19600,18750,4.40M,1.57%
21/09/2021,19050,18400,19050,18400,4.45M,-0.78%
20/09/2021,19200,19350,19650,19050,3.66M,-0.26%
17/09/2021,19250,18700,19300,18700,3.79M,2.94%
16/09/2021,18700,19200,19250,18700,2.53M,-0.27%
15/09/2021,18750,18550,18900,18350,2.29M,1.08%
14/09/2021,18550,19200,19200,18550,4.88M,-3.39%
13/09/2021,19200,19250,19550,19200,3.85M,-0.26%
10/09/2021,19250,19800,19900,19200,3.69M,-2.28%
09/09/2021,19700,19650,19900,19300,5.20M,2.98%
08/09/2021,19130.4,19130.4,19478.3,18869.6,6.21M,0.00%
07/09/2021,19130.4,19913,20000,18956.5,4.87M,-3.93%
06/09/2021,19913,19565.2,20130.4,19391.3,10.00M,3.62%
01/09/2021,19217.4,19000,19478.3,19000,3.89M,-0.45%
31/08/2021,19304.3,19478.3,19478.3,19000,5.59M,-0.22%
30/08/2021,19347.8,19565.2,19695.6,19130.4,7.69M,2.77%
27/08/2021,18826.1,18173.9,18869.6,17956.5,3.91M,3.59%
26/08/2021,18173.9,18521.7,18652.2,18173.9,3.20M,-0.95%
25/08/2021,18347.8,17826.1,18347.8,17826.1,4.71M,0.00%
24/08/2021,18347.8,18260.9,18608.7,18087,6.67M,0.72%
23/08/2021,18217.4,18956.5,19173.9,18130.4,9.66M,-4.77%
20/08/2021,19130.4,20782.6,20826.1,19043.5,18.84M,-6.38%
19/08/2021,20434.8,20260.9,20652.2,20000,6.38M,0.00%
18/08/2021,20434.8,20608.7,20826.1,20217.4,6.02M,-1.26%
17/08/2021,20695.6,20826.1,21217.4,20434.8,6.09M,0.00%
16/08/2021,20695.6,20087,21217.4,20087,21.63M,4.16%
13/08/2021,19869.6,19826.1,19956.5,19304.3,4.19M,0.66%
12/08/2021,19739.1,19391.3,20217.4,19347.8,9.66M,2.25%
11/08/2021,19304.3,20000,20043.5,19304.3,8.06M,-4.10%
10/08/2021,20130.4,20434.8,20521.7,19826.1,6.17M,-1.28%
09/08/2021,20391.3,20000,20695.6,19826.1,5.83M,1.51%
06/08/2021,20087,19913,20347.8,19782.6,8.91M,1.99%
05/08/2021,19695.6,18782.6,19782.6,18782.6,7.42M,3.90%
04/08/2021,18956.5,19391.3,19391.3,18913,4.49M,-0.91%
03/08/2021,19130.4,19000,19434.8,18956.5,5.71M,1.38%
02/08/2021,18869.6,18782.6,19304.3,18565.2,5.83M,0.70%
30/07/2021,18739.1,18521.7,19000,18521.7,4.72M,1.41%
29/07/2021,18478.3,18304.3,18695.6,18087,4.52M,2.41%
28/07/2021,18043.5,18260.9,18434.8,18043.5,3.28M,-1.19%
27/07/2021,18260.9,18608.7,18608.7,18173.9,4.53M,-0.47%
26/07/2021,18347.8,17826.1,18695.6,17652.2,3.46M,1.93%
23/07/2021,18000,19043.5,19217.4,18000,7.05M,-5.69%
22/07/2021,19087,18000,19130.4,17782.6,8.87M,6.55%
21/07/2021,17913,17913,18260.9,17652.2,4.79M,1.48%
20/07/2021,17652.2,17565.2,17652.2,16521.7,9.32M,0.99%
19/07/2021,17478.3,18260.9,18608.7,17478.3,17.28M,-6.94%
16/07/2021,18782.6,19391.3,19391.3,18782.6,4.97M,-3.14%
15/07/2021,19391.3,19130.4,19521.7,18956.5,4.38M,-0.22%
14/07/2021,19434.8,19478.3,19826.1,18782.6,3.59M,-0.22%
13/07/2021,19478.3,19478.3,19478.3,18695.6,4.07M,1.82%
12/07/2021,19130.4,19652.2,19826.1,18608.7,11.94M,-4.35%
09/07/2021,20000,19913,20260.9,18956.5,7.42M,0.22%
08/07/2021,19956.5,19304.3,20347.8,19130.4,8.66M,4.79%
07/07/2021,19043.5,18652.2,19130.4,18304.3,10.44M,2.82%
06/07/2021,18521.7,19565.2,19913,18521.7,17.60M,-6.99%
05/07/2021,19913,20434.8,20695.6,19782.6,10.95M,-3.78%
02/07/2021,20695.6,20739.1,20956.5,20652.2,6.27M,0.00%
01/07/2021,20695.6,21000,21043.5,20608.7,6.63M,-0.83%
30/06/2021,20869.6,20913,21217.4,20826.1,3.90M,-0.21%
29/06/2021,20913,21217.4,21391.3,20869.6,5.60M,-1.23%
28/06/2021,21173.9,21130.4,21434.8,21087,7.56M,0.83%
25/06/2021,21000,20913,21087,20695.6,4.37M,-0.21%
24/06/2021,21043.5,20826.1,21043.5,20565.2,8.25M,2.11%
23/06/2021,20608.7,20956.5,21347.8,20434.8,9.59M,-2.87%
22/06/2021,21217.4,20739.1,21565.2,20565.2,8.77M,2.95%
21/06/2021,20608.7,20521.7,21043.5,20521.7,7.06M,-1.86%
18/06/2021,21000,21043.5,21087,20000,10.25M,0.00%
17/06/2021,21000,20087,21130.4,20087,10.90M,1.05%
16/06/2021,20782.6,21478.3,21565.2,20782.6,12.08M,-4.40%
15/06/2021,21739.1,21652.2,22130.4,21434.8,11.22M,-0.79%
14/06/2021,21913,22000,22608.7,21869.6,17.99M,-0.20%
11/06/2021,21956.5,20521.7,21956.5,20478.3,23.91M,6.99%
10/06/2021,20521.7,20521.7,21217.4,19652.2,23.10M,-2.07%
09/06/2021,20956.5,20956.5,21739.1,20956.5,49.30M,-6.95%
08/06/2021,22521.7,23913,24173.9,22521.7,30.67M,-6.83%
07/06/2021,24173.9,24869.6,25217.4,23304.3,15.65M,-3.47%
04/06/2021,25043.5,25304.3,25478.3,24608.7,13.23M,-0.35%
03/06/2021,25130.4,24304.3,25608.7,23913,20.00M,4.90%
02/06/2021,23956.5,23913,24347.8,23565.2,11.91M,-1.08%
01/06/2021,24217.4,24347.8,24608.7,23913,10.98M,-0.54%
31/05/2021,24347.8,23565.2,24782.6,23217.4,15.32M,3.32%
28/05/2021,23565.2,23826.1,23913,23304.3,10.23M,0.37%
27/05/2021,23478.3,22739.1,24173.9,22695.6,20.01M,3.45%
26/05/2021,22695.6,21913,22956.5,21913,14.28M,2.76%
25/05/2021,22087,23000,23173.9,22043.5,19.84M,-2.50%
24/05/2021,22652.2,21304.3,22652.2,21217.4,24.87M,6.98%
21/05/2021,21173.9,20347.8,21521.7,20260.9,11.15M,4.28%
20/05/2021,20304.3,20434.8,20608.7,20087,6.95M,0.86%
19/05/2021,20130.4,20087,20608.7,19826.1,6.17M,0.00%
18/05/2021,20130.4,20608.7,20695.6,20043.5,9.95M,-3.34%
17/05/2021,20826.1,21304.3,21391.3,20695.6,5.91M,-1.64%
14/05/2021,21173.9,21826.1,21826.1,21043.5,8.20M,-1.81%
13/05/2021,21565.2,21434.8,22043.5,21304.3,13.92M,0.61%
12/05/2021,21434.8,20956.5,21565.2,20869.6,6.75M,2.28%
11/05/2021,20956.5,20521.7,21652.2,20347.8,13.53M,2.99%
10/05/2021,20347.8,20043.5,20434.8,20043.5,5.19M,0.21%
07/05/2021,20304.3,20173.9,20869.6,20043.5,6.42M,0.21%
06/05/2021,20260.9,20043.5,20956.5,19956.5,6.41M,1.08%
05/05/2021,20043.5,20000,20391.3,20000,5.09M,0.66%
04/05/2021,19913,19565.2,20173.9,19565.2,6.30M,-2.35%
29/04/2021,20391.3,20173.9,20565.2,19956.5,6.26M,1.08%
28/04/2021,20173.9,19956.5,20347.8,19782.6,5.02M,1.09%
27/04/2021,19956.5,19217.4,20173.9,19217.4,6.52M,1.77%
26/04/2021,19608.7,20956.5,20956.5,19478.3,9.90M,-6.24%
23/04/2021,20913,20434.8,21043.5,19913,11.85M,0.21%
22/04/2021,20869.6,22260.9,22347.8,20869.6,11.39M,-6.43%
20/04/2021,22304.3,22608.7,22913,21565.2,15.79M,0.00%
19/04/2021,22304.3,21304.3,22304.3,20695.6,18.71M,5.77%
16/04/2021,21087,21130.4,21565.2,20695.6,9.56M,-0.61%
15/04/2021,21217.4,20739.1,21739.1,20434.8,14.79M,2.31%
14/04/2021,20739.1,20521.7,20782.6,20478.3,6.25M,-0.42%
13/04/2021,20826.1,21652.2,21695.6,20565.2,9.76M,-3.82%
12/04/2021,21652.2,21739.1,21739.1,21391.3,5.89M,-0.40%
09/04/2021,21739.1,21739.1,21913,21565.2,2.73M,-0.79%
08/04/2021,21913,21304.3,21956.5,21260.9,14.59M,4.13%
07/04/2021,21043.5,21043.5,21043.5,20739.1,5.30M,0.00%
06/04/2021,21043.5,21043.5,21217.4,20782.6,4.78M,-0.82%
05/04/2021,21217.4,21565.2,21565.2,20913,4.72M,-0.41%
02/04/2021,21304.3,21695.6,21695.6,21130.4,5.27M,-0.41%
01/04/2021,21391.3,20869.6,21478.3,20695.6,7.26M,2.50%
31/03/2021,20869.6,20826.1,20956.5,20565.2,5.79M,-0.21%
30/03/2021,20913,21000,21217.4,20739.1,8.26M,1.69%
29/03/2021,20565.2,20608.7,20782.6,20000,4.52M,1.07%
26/03/2021,20347.8,20173.9,20521.7,19391.3,13.40M,-2.30%
25/03/2021,20826.1,21043.5,21087,20478.3,5.27M,-0.83%
24/03/2021,21000,20434.8,21347.8,20304.3,7.61M,0.84%
23/03/2021,20826.1,21173.9,21304.3,20521.7,12.37M,-2.84%
22/03/2021,21434.8,22087,22347.8,21304.3,12.80M,-2.95%
19/03/2021,22087,21913,22347.8,21913,7.65M,0.79%
18/03/2021,21913,21391.3,22260.9,21217.4,10.11M,2.86%
17/03/2021,21304.3,21304.3,21478.3,21043.5,6.15M,0.00%
16/03/2021,21304.3,20782.6,21608.7,20782.6,10.00M,2.51%
15/03/2021,20782.6,20869.6,20913,20695.6,5.95M,-0.42%
12/03/2021,20869.6,21000,21217.4,20869.6,7.41M,-0.62%
11/03/2021,21000,21304.3,21391.3,20956.5,6.26M,-0.62%
10/03/2021,21130.4,20608.7,21304.3,20608.7,11.95M,2.97%
09/03/2021,20521.7,19391.3,20869.6,18956.5,12.17M,5.12%
08/03/2021,19521.7,20000,20000,19391.3,6.25M,0.90%
05/03/2021,19347.8,19391.3,19608.7,18695.6,9.03M,-1.55%
04/03/2021,19652.2,20260.9,20434.8,19130.4,10.44M,-3.00%
03/03/2021,20260.9,20087,20608.7,19913,10.24M,0.87%
02/03/2021,20087,20782.6,20869.6,20087,7.48M,-3.14%
01/03/2021,20739.1,20652.2,20869.6,20434.8,5.02M,1.49%
26/02/2021,20434.8,19391.3,20608.7,19391.3,10.20M,2.17%
25/02/2021,20000,20869.6,21043.5,19652.2,19.15M,-3.56%
24/02/2021,20739.1,21521.7,22087,20043.5,12.48M,-3.64%
23/02/2021,21521.7,21652.2,21826.1,21347.8,5.48M,-0.60%
22/02/2021,21652.2,20913,22000,20913,9.69M,3.11%
19/02/2021,21000,20782.6,21304.3,20782.6,9.03M,-0.62%
18/02/2021,21130.4,21217.4,21521.7,20782.6,8.81M,-1.02%
17/02/2021,21347.8,20869.6,21347.8,20434.8,7.77M,6.97%
09/02/2021,19956.5,18652.2,19956.5,18260.9,10.95M,6.99%
08/02/2021,18652.2,19478.3,19739.1,18217.4,10.81M,-4.67%
05/02/2021,19565.2,18652.2,19782.6,18391.3,11.36M,5.63%
04/02/2021,18521.7,18087,18608.7,17782.6,7.71M,2.16%
03/02/2021,18130.4,17739.1,18130.4,17217.4,10.62M,6.92%
02/02/2021,16956.5,15478.3,16956.5,15478.3,6.58M,6.85%
01/02/2021,15869.6,16782.6,17043.5,15869.6,11.24M,-6.89%
29/01/2021,17043.5,16173.9,17565.2,16173.9,12.50M,0.26%
28/01/2021,17000,17000,17739.1,17000,9.76M,-6.90%
27/01/2021,18260.9,18695.6,19434.8,17826.1,13.77M,-4.55%
26/01/2021,19130.4,19521.7,19869.6,18087,21.76M,2.80%
25/01/2021,18608.7,17565.2,18608.7,17565.2,7.80M,7.00%
22/01/2021,17391.3,16695.6,17391.3,16608.7,16.72M,6.95%
21/01/2021,16260.9,15478.3,16260.9,15217.4,16.89M,6.86%
20/01/2021,15217.4,15043.5,15304.3,14260.9,12.76M,1.16%
19/01/2021,15043.5,15652.2,15826.1,14695.6,9.74M,-4.68%
18/01/2021,15782.6,14956.5,16043.5,14826.1,12.05M,4.31%
15/01/2021,15130.4,15913,16000,14782.6,38.13M,-4.66%
14/01/2021,15869.6,15304.3,15956.5,15304.3,13.75M,3.69%
13/01/2021,15304.3,15434.8,15608.7,15217.4,7.37M,-0.28%
12/01/2021,15347.8,15434.8,15565.2,15173.9,7.73M,0.57%
11/01/2021,15260.9,14956.5,15782.6,14739.1,10.53M,2.33%
08/01/2021,14913,15217.4,15217.4,14739.1,12.84M,-1.15%
07/01/2021,15087,15087,15217.4,14826.1,7.68M,1.76%
06/01/2021,14826.1,15000,15260.9,14695.6,10.96M,0.29%
05/01/2021,14782.6,14260.9,14956.5,14130.4,9.45M,3.66%
04/01/2021,14260.9,14260.9,14695.6,13913,11.07M,2.82%
31/12/2020,13869.6,13913,13956.5,13739.1,5.43M,0.00%
30/12/2020,13869.6,14130.4,14304.3,13826.1,7.65M,-1.54%
29/12/2020,14087,13173.9,14130.4,13043.5,18.00M,6.58%
28/12/2020,13217.4,13434.8,13434.8,13000,8.75M,0.00%
25/12/2020,13217.4,12869.6,13217.4,12782.6,6.95M,1.33%
24/12/2020,13043.5,13391.3,13391.3,12608.7,8.48M,-2.91%
23/12/2020,13434.8,13739.1,13739.1,13347.8,9.42M,-1.59%
22/12/2020,13652.2,12913,13782.6,12782.6,15.96M,5.72%
21/12/2020,12913,13043.5,13217.4,12826.1,10.36M,0.34%
18/12/2020,12869.6,12739.1,13000,12565.2,12.05M,1.02%
17/12/2020,12739.1,12869.6,12956.5,12652.2,12.61M,-2.01%
16/12/2020,13000,13043.5,13347.8,12956.5,5.61M,0.34%
15/12/2020,12956.5,12956.5,13478.3,12869.6,11.70M,-0.33%
14/12/2020,13000,13173.9,13173.9,12869.6,5.03M,1.01%
11/12/2020,12869.6,12826.1,12956.5,12695.6,7.05M,0.68%
10/12/2020,12782.6,13130.4,13130.4,12782.6,8.52M,-2.00%
09/12/2020,13043.5,13043.5,13260.9,13000,6.48M,0.33%
08/12/2020,13000,12913,13130.4,12826.1,5.23M,0.67%
07/12/2020,12913,12913,13087,12869.6,4.89M,0.00%
04/12/2020,12913,12521.7,13260.9,12521.7,12.79M,3.12%
03/12/2020,12521.7,12608.7,12608.7,12434.8,3.53M,-0.35%
02/12/2020,12565.2,12304.3,12782.6,12260.9,7.27M,2.12%
01/12/2020,12304.3,11913,12391.3,11913,10.09M,1.80%
30/11/2020,12087,12478.3,12565.2,12087,7.71M,-2.11%
27/11/2020,12347.8,11956.5,12391.3,11956.5,10.04M,3.65%
26/11/2020,11913,11826.1,11956.5,11739.1,5.01M,-0.36%
25/11/2020,11956.5,12043.5,12130.4,11869.6,4.22M,-0.36%
24/11/2020,12000,12087,12217.4,11739.1,8.10M,-0.72%
23/11/2020,12087,12391.3,12391.3,12087,6.80M,-2.46%
20/11/2020,12391.3,12217.4,12478.3,12043.5,6.00M,1.06%
19/11/2020,12260.9,12173.9,12260.9,12000,5.69M,-0.35%
18/11/2020,12304.3,12304.3,12304.3,12000,8.49M,1.07%
17/11/2020,12173.9,11695.6,12173.9,11565.2,7.46M,5.26%
16/11/2020,11565.2,11913,12000,11521.7,11.38M,-2.92%
13/11/2020,11913,11826.1,12173.9,11739.1,10.21M,1.48%
12/11/2020,11739.1,11173.9,11739.1,11087,9.68M,5.88%
11/11/2020,11087,11087,11347.8,11043.5,6.35M,0.00%
10/11/2020,11087,11391.3,11434.8,11087,8.34M,-1.16%
09/11/2020,11217.4,11130.4,11478.3,11000,11.30M,2.38%
06/11/2020,10956.5,10695.6,11043.5,10608.7,10.31M,2.86%
05/11/2020,10652.2,10608.7,10956.5,10608.7,4.94M,-0.81%
04/11/2020,10739.1,10347.8,10869.6,10260.9,12.33M,4.66%
03/11/2020,10260.9,10260.9,10347.8,10173.9,2.81M,0.43%
02/11/2020,10217.4,10087,10565.2,10087,2.45M,2.17%
30/10/2020,10000,9913,10043.5,9739.1,8.90M,0.88%
29/10/2020,9913,9739.1,10087,9695.6,4.73M,0.00%
28/10/2020,9913,10087,10260.9,9869.6,5.59M,-2.56%
27/10/2020,10173.9,10260.9,10347.8,10087,4.66M,-0.85%
26/10/2020,10260.9,10608.7,10652.2,10260.9,4.51M,-3.28%
23/10/2020,10608.7,10608.7,10782.6,10565.2,4.14M,0.00%
22/10/2020,10608.7,10130.4,10608.7,10130.4,6.55M,3.39%
21/10/2020,10260.9,10608.7,10652.2,10260.9,10.43M,-3.67%
20/10/2020,10652.2,10478.3,10652.2,10347.8,7.16M,0.41%
19/10/2020,10608.7,10347.8,10608.7,10260.9,9.15M,2.52%
16/10/2020,10347.8,9652.2,10347.8,9565.2,15.66M,6.73%
15/10/2020,9695.6,9652.2,9913,9608.7,5.85M,0.45%
14/10/2020,9652.2,9608.7,9695.6,9565.2,2.07M,0.45%
13/10/2020,9608.7,9478.3,9782.6,9347.8,4.10M,1.84%
12/10/2020,9434.8,9826.1,9913,9391.3,7.55M,-3.12%
09/10/2020,9739.1,9739.1,9869.6,9695.6,4.06M,0.45%
08/10/2020,9695.6,9826.1,9913,9608.7,8.06M,-2.19%
07/10/2020,9913,9826.1,10173.9,9782.6,7.64M,0.00%
06/10/2020,9913,9739.1,9913,9478.3,8.77M,4.11%
05/10/2020,9521.7,9000,9565.2,9000,13.72M,6.31%
02/10/2020,8956.5,9000,9087,8739.1,4.21M,-0.48%
01/10/2020,9000,8826.1,9087,8782.6,3.37M,2.48%
30/09/2020,8782.6,8739.1,8913,8739.1,4.40M,0.50%
29/09/2020,8739.1,9087,9130.4,8695.7,5.88M,-3.37%
28/09/2020,9043.5,8956.5,9130.4,8956.5,3.72M,1.46%
25/09/2020,8913,9130.4,9130.4,8869.6,4.39M,-1.44%
24/09/2020,9043.5,9130.4,9173.9,9000,4.75M,-0.95%
23/09/2020,9130.4,9173.9,9260.9,9043.5,4.73M,0.00%
22/09/2020,9130.4,9087,9217.4,9043.5,3.19M,-0.47%
21/09/2020,9173.9,9217.4,9478.3,9130.4,5.74M,-0.47%
18/09/2020,9217.4,9000,9217.4,8956.5,5.45M,2.42%
17/09/2020,9000,8956.5,9173.9,8869.6,7.93M,1.47%
16/09/2020,8869.6,8782.6,8869.6,8687,5.04M,0.99%
15/09/2020,8782.6,8869.6,8956.5,8739.1,3.75M,-0.49%
14/09/2020,8826.1,8782.6,8913,8695.7,5.33M,1.81%
11/09/2020,8669.6,8608.7,8687,8565.2,2.53M,0.50%
10/09/2020,8626.1,8556.5,8739.1,8539.1,3.15M,1.12%
09/09/2020,8530.4,8417.4,8530.4,8391.3,2.30M,0.31%
08/09/2020,8504.3,8521.7,8565.2,8426.1,2.87M,0.20%
07/09/2020,8487,8695.7,8739.1,8487,3.93M,-2.40%
04/09/2020,8695.7,8608.7,8739.1,8591.3,4.08M,-1.48%
03/09/2020,8826.1,8695.7,8826.1,8652.2,5.12M,2.73%
01/09/2020,8591.3,8521.7,8643.5,8434.8,2.51M,2.07%
31/08/2020,8417.4,8687,8782.6,8347.8,9.24M,-3.20%
28/08/2020,8695.7,8826.1,8869.6,8695.7,4.78M,-0.50%
27/08/2020,8739.1,8826.1,8869.6,8687,5.77M,-0.99%
26/08/2020,8826.1,9130.4,9173.9,8826.1,8.31M,0.00%
25/08/2020,8826.1,8313,8826.1,8313,9.44M,6.84%
24/08/2020,8260.9,8087,8304.3,8060.9,6.33M,2.81%
21/08/2020,8034.8,8078.3,8139.1,8008.7,4.18M,-0.54%
20/08/2020,8078.3,7869.6,8130.4,7756.5,7.17M,2.65%
19/08/2020,7869.6,7826.1,7991.3,7695.7,9.75M,-1.63%
18/08/2020,8000,8156.5,8208.7,8000,5.89M,-2.44%
17/08/2020,8200,8260.9,8391.3,8017.4,6.44M,-2.58%
14/08/2020,8417.4,8260.9,8573.9,8260.9,9.22M,1.89%
13/08/2020,8260.9,8260.9,8417.4,8260.9,5.22M,0.11%
12/08/2020,8252.2,8347.8,8365.2,8217.4,3.38M,-0.42%
11/08/2020,8287,8347.8,8452.2,8269.6,2.70M,-1.14%
10/08/2020,8382.6,8200,8521.7,8191.3,2.87M,2.34%
07/08/2020,8191.3,8260.9,8260.9,8095.7,3.15M,-0.32%
06/08/2020,8217.4,8269.6,8356.5,8200,2.77M,-1.56%
05/08/2020,8347.8,8347.8,8504.3,8217.4,3.64M,0.00%
04/08/2020,8347.8,8000,8347.8,7913,4.25M,5.96%
03/08/2020,7878.3,7608.7,7887,7608.7,3.53M,3.19%
31/07/2020,7634.8,7478.3,7765.2,7460.9,2.74M,-1.13%
30/07/2020,7721.7,7687,7852.2,7687,2.05M,0.57%
29/07/2020,7678.3,7608.7,7826.1,7391.3,4.20M,-3.29%
28/07/2020,7939.1,7652.2,7939.1,7565.2,4.32M,3.99%
27/07/2020,7634.8,7739.1,7826.1,7634.8,8.45M,-6.99%
24/07/2020,8208.7,8782.6,8913,8208.7,13.12M,-7.00%
23/07/2020,8826.1,9043.5,9087,8826.1,2.15M,-1.93%
22/07/2020,9000,8782.6,9260.9,8782.6,4.70M,1.97%
21/07/2020,8826.1,9130.4,9217.4,8739.1,9.43M,-5.14%
20/07/2020,9304.3,9695.6,9695.6,9304.3,6.06M,-4.04%
17/07/2020,9695.6,9739.1,9782.6,9565.2,4.74M,0.00%
16/07/2020,9695.6,9913,10000,9565.2,6.01M,-2.19%
15/07/2020,9913,10000,10130.4,9913,1.94M,0.00%
14/07/2020,9913,9913,10000,9826.1,1.59M,0.00%
13/07/2020,9913,10217.4,10217.4,9869.6,2.74M,-1.72%
10/07/2020,10087,10043.5,10173.9,10000,2.82M,0.00%
09/07/2020,10087,10043.5,10173.9,9956.5,2.15M,0.87%
08/07/2020,10000,10000,10130.4,9956.5,2.03M,0.00%
07/07/2020,10000,10217.4,10260.9,10000,4.45M,-1.71%
06/07/2020,10173.9,10130.4,10217.4,9913,3.38M,1.74%
03/07/2020,10000,10000,10000,9782.6,2.52M,0.44%
02/07/2020,9956.5,10260.9,10260.9,9826.1,2.42M,-2.14%
01/07/2020,10173.9,9652.2,10173.9,9565.2,2.99M,4.46%
30/06/2020,9739.1,9956.5,10087,9304.3,4.00M,-0.89%
29/06/2020,9826.1,10130.4,10391.3,9782.6,5.02M,-5.83%
26/06/2020,10434.8,10739.1,10782.6,10347.8,2.99M,-1.23%
25/06/2020,10565.2,10347.8,10695.6,10260.9,5.44M,0.41%
24/06/2020,10521.7,11000,11043.5,10521.7,5.81M,-4.35%
23/06/2020,11000,10913,11173.9,10826.1,5.44M,0.40%
22/06/2020,10956.5,11130.4,11260.9,10913,4.51M,-0.79%
19/06/2020,11043.5,10521.7,11087,10521.7,8.55M,5.39%
18/06/2020,10478.3,10347.8,10565.2,10260.9,2.31M,0.42%
17/06/2020,10434.8,10695.6,10782.6,10347.8,3.49M,-2.04%
16/06/2020,10652.2,10391.3,10695.6,10347.8,6.07M,4.70%
15/06/2020,10173.9,10869.6,10869.6,10043.5,6.38M,-2.50%
12/06/2020,10434.8,9565.2,10434.8,9565.2,5.26M,3.90%
11/06/2020,10043.5,10521.7,11347.8,10043.5,12.16M,-5.33%
10/06/2020,10608.7,10608.7,10739.1,10173.9,5.46M,-0.41%
09/06/2020,10652.2,10826.1,10869.6,10608.7,4.77M,-1.21%
08/06/2020,10782.6,10695.6,10869.6,10608.7,5.86M,3.33%
05/06/2020,10434.8,10347.8,10434.8,10173.9,3.40M,0.84%
04/06/2020,10347.8,10173.9,10565.2,10173.9,6.86M,2.59%
03/06/2020,10087,9956.5,10130.4,9869.6,3.44M,1.76%
02/06/2020,9913,9956.5,10217.4,9869.6,5.64M,0.44%
01/06/2020,9869.6,9956.5,10043.5,9826.1,4.61M,0.44%
29/05/2020,9826.1,9782.6,9826.1,9695.6,3.10M,0.00%
28/05/2020,9826.1,9739.1,10043.5,9608.7,5.37M,1.35%
27/05/2020,9695.6,10130.4,10130.4,9695.6,5.42M,-3.46%
26/05/2020,10043.5,9826.1,10087,9782.6,4.76M,2.21%
25/05/2020,9826.1,9652.2,9869.6,9521.7,3.37M,1.80%
22/05/2020,9652.2,10000,10043.5,9565.2,5.34M,-2.63%
21/05/2020,9913,9478.3,10087,9478.3,6.76M,4.59%
20/05/2020,9478.3,9478.3,9652.2,9347.8,3.25M,-0.91%
19/05/2020,9565.2,9434.8,9739.1,9304.3,5.90M,3.77%
18/05/2020,9217.4,9217.4,9347.8,8956.5,4.07M,0.00%
15/05/2020,9217.4,9608.7,9608.7,9173.9,3.52M,-3.64%
14/05/2020,9565.2,9434.8,9782.6,9260.9,3.82M,0.46%
13/05/2020,9521.7,8956.5,9652.2,8826.1,6.94M,5.29%
12/05/2020,9043.5,8869.6,9173.9,8678.3,4.78M,1.96%
11/05/2020,8869.6,8687,8913,8626.1,3.69M,4.30%
08/05/2020,8504.3,8504.3,8869.6,8452.2,4.34M,0.62%
07/05/2020,8452.2,8347.8,8513,8321.7,2.55M,2.32%
06/05/2020,8260.9,8173.9,8330.4,8139.1,2.23M,1.06%
05/05/2020,8173.9,8173.9,8260.9,7965.2,2.78M,0.54%
04/05/2020,8130.4,8391.3,8391.3,8130.4,3.95M,-5.46%
29/04/2020,8600,8695.6,8739.1,8452.2,1.96M,-0.70%
28/04/2020,8660.9,8539.1,8826.1,8469.6,3.72M,2.26%
27/04/2020,8469.6,8382.6,8547.8,8304.3,3.96M,1.88%
24/04/2020,8313,8313,8434.8,8173.9,2.38M,0.00%
23/04/2020,8313,8695.6,8826.1,8313,3.64M,-1.85%
22/04/2020,8469.6,8130.4,8652.2,8052.2,3.47M,-0.81%
21/04/2020,8539.1,8869.6,9260.9,8539.1,7.57M,-6.92%
20/04/2020,9173.9,8956.5,9173.9,8826.1,6.73M,6.67%
17/04/2020,8600,8173.9,8600,8069.6,6.47M,6.92%
16/04/2020,8043.5,8173.9,8173.9,7921.7,5.51M,-1.60%
15/04/2020,8173.9,7843.5,8217.4,7826.1,5.10M,5.03%
14/04/2020,7782.6,7869.6,7982.6,7547.8,2.03M,-1.11%
13/04/2020,7869.6,7834.8,8043.5,7826.1,1.52M,0.11%
10/04/2020,7860.9,7869.6,8095.7,7852.2,1.76M,-1.42%
09/04/2020,7973.9,8173.9,8260.9,7947.8,2.81M,0.77%
08/04/2020,7913,7304.3,8000,7147.8,1.65M,4.24%
07/04/2020,7591.3,7739.1,7913,7478.3,2.62M,-1.80%
06/04/2020,7730.4,7695.7,7730.4,7252.2,2.85M,6.98%
03/04/2020,7226.1,7000,7226.1,6956.5,1.86M,6.95%
01/04/2020,6756.5,6269.6,6947.8,6269.6,2.77M,0.26%
31/03/2020,6739.1,6869.6,7243.5,6739.1,4.36M,-6.96%
30/03/2020,7243.5,7417.4,7478.3,7243.5,494.48K,-6.93%
27/03/2020,7782.6,8173.9,8260.9,7773.9,2.26M,-4.79%
26/03/2020,8173.9,8434.8,8434.8,8130.4,1.08M,-4.08%
25/03/2020,8521.7,8521.7,8565.2,8347.8,1.48M,4.14%
24/03/2020,8182.6,8347.8,8460.9,8043.5,1.76M,-3.19%
23/03/2020,8452.2,8782.6,8782.6,8452.2,4.18M,-6.99%
20/03/2020,9087,9173.9,9260.9,8913,1.38M,-1.88%
19/03/2020,9260.9,9304.3,9304.3,8956.5,2.49M,-2.29%
18/03/2020,9478.3,9826.1,9826.1,9347.8,1.72M,-1.80%
17/03/2020,9652.2,8826.1,9695.6,8782.6,1.73M,4.23%
16/03/2020,9260.9,9565.2,9739.1,9000,1.90M,-3.18%
13/03/2020,9565.2,8913,9652.2,8913,3.97M,0.00%
12/03/2020,9565.2,9565.2,9739.1,9565.2,4.45M,-6.78%
11/03/2020,10260.9,11043.5,11130.4,10217.4,4.63M,-6.35%
10/03/2020,10956.5,10652.2,11173.9,10434.8,2.88M,-1.18%
09/03/2020,11087,11130.4,11478.3,11087,4.31M,-6.93%
06/03/2020,11913,11043.5,11913,10956.5,5.55M,6.61%
05/03/2020,11173.9,11478.3,11565.2,11173.9,1.91M,-0.77%
04/03/2020,11260.9,10782.6,11391.3,10739.1,3.96M,3.60%
03/03/2020,10869.6,10521.7,10869.6,10391.3,2.26M,5.49%
02/03/2020,10304.3,10434.8,10434.8,10260.9,1.05M,0.00%
28/02/2020,10304.3,10304.3,10478.3,10260.9,1.32M,-2.87%
27/02/2020,10608.7,10347.8,10652.2,10217.4,1.75M,1.67%
26/02/2020,10434.8,10260.9,10608.7,10260.9,1.45M,-0.83%
25/02/2020,10521.7,9826.1,10608.7,9826.1,1.82M,2.11%
24/02/2020,10304.3,10347.8,10739.1,10304.3,2.71M,-6.69%
21/02/2020,11043.5,10782.6,11217.4,10782.6,2.06M,2.42%
20/02/2020,10782.6,10869.6,10913,10652.2,1.51M,0.81%
19/02/2020,10695.6,11000,11043.5,10652.2,1.47M,-3.15%
18/02/2020,11043.5,11087,11260.9,10739.1,1.41M,-0.39%
17/02/2020,11087,11304.3,11434.8,11043.5,1.27M,-2.30%
14/02/2020,11347.8,11000,11478.3,10956.5,1.88M,2.76%
13/02/2020,11043.5,11130.4,11130.4,10826.1,1.50M,-0.78%
12/02/2020,11130.4,11043.5,11217.4,10869.6,2.48M,1.19%
11/02/2020,11000,10739.1,11087,10652.2,2.34M,2.43%
10/02/2020,10739.1,10521.7,11043.5,10434.8,4.15M,-0.80%
07/02/2020,10826.1,10434.8,10826.1,10304.3,5.39M,6.87%
06/02/2020,10130.4,9782.6,10130.4,9652.2,2.85M,6.88%
05/02/2020,9478.3,9347.8,9739.1,9347.8,8.43M,1.87%
04/02/2020,9304.3,9521.7,9826.1,9173.9,4.78M,-1.38%
03/02/2020,9434.8,9565.2,9826.1,9347.8,6.44M,-6.06%
31/01/2020,10043.5,10782.6,10869.6,10043.5,3.35M,-6.85%
30/01/2020,10782.6,11130.4,11130.4,10739.1,3.19M,-4.98%
22/01/2020,11347.8,11173.9,11391.3,11173.9,1.13M,1.56%
21/01/2020,11173.9,11217.4,11304.3,11043.5,1.86M,-0.39%
20/01/2020,11217.4,11304.3,11565.2,11173.9,1.02M,-0.77%
17/01/2020,11304.3,11652.2,11652.2,11217.4,1.70M,-2.26%
16/01/2020,11565.2,11652.2,11782.6,11521.7,874.54K,-0.75%
15/01/2020,11652.2,11652.2,11739.1,11608.7,529.87K,0.37%
14/01/2020,11608.7,11826.1,11913,11565.2,1.34M,-1.48%
13/01/2020,11782.6,11652.2,11913,11652.2,646.82K,1.12%
10/01/2020,11652.2,11782.6,11826.1,11608.7,865.10K,-1.11%
09/01/2020,11782.6,11782.6,11913,11739.1,1.97M,1.88%
08/01/2020,11565.2,11913,11956.5,11521.7,2.12M,-4.32%
07/01/2020,12087,11913,12130.4,11913,867.62K,1.46%
06/01/2020,11913,12000,12173.9,11826.1,1.17M,-1.44%
03/01/2020,12087,12434.8,12565.2,12000,2.76M,-2.80%
02/01/2020,12434.8,12608.7,12608.7,12347.8,1.35M,-1.38%
31/12/2019,12608.7,12565.2,12695.6,12434.8,1.53M,-1.02%
30/12/2019,12739.1,12695.6,12913,12652.2,2.16M,0.34%
27/12/2019,12695.6,12434.8,12826.1,12434.8,2.52M,0.69%
26/12/2019,12608.7,12260.9,12695.6,12260.9,4.08M,2.84%
25/12/2019,12260.9,12173.9,12347.8,12043.5,1.36M,0.71%
24/12/2019,12173.9,11913,12173.9,11826.1,1.50M,2.56%
23/12/2019,11869.6,11956.5,12087,11826.1,1.03M,-0.73%
20/12/2019,11956.5,12130.4,12217.4,11782.6,2.44M,-1.43%
19/12/2019,12130.4,12087,12304.3,12000,778.78K,-0.36%
18/12/2019,12173.9,12173.9,12304.3,12130.4,1.19M,-0.36%
17/12/2019,12217.4,12608.7,12608.7,12087,1.19M,-2.09%
16/12/2019,12478.3,12347.8,12608.7,12347.8,1.60M,0.35%
13/12/2019,12434.8,12826.1,12826.1,12434.8,1.64M,-2.05%
12/12/2019,12695.6,12347.8,12739.1,12304.3,1.82M,2.82%
11/12/2019,12347.8,11869.6,12478.3,11826.1,2.15M,4.03%
10/12/2019,11869.6,11869.6,12130.4,11782.6,1.80M,0.00%
09/12/2019,11869.6,12087,12260.9,11869.6,1.24M,-1.80%
06/12/2019,12087,12043.5,12173.9,12043.5,457.79K,0.00%
05/12/2019,12087,12173.9,12304.3,12043.5,824.08K,-0.71%
04/12/2019,12173.9,12000,12173.9,11956.5,748.21K,1.45%
03/12/2019,12000,12087,12347.8,11913,1.79M,-1.43%
02/12/2019,12173.9,12478.3,12478.3,12173.9,1.25M,-1.06%
29/11/2019,12304.3,12260.9,12521.7,12130.4,841.13K,1.07%
28/11/2019,12173.9,12652.2,12695.6,12173.9,1.63M,-3.78%
27/11/2019,12652.2,12304.3,12782.6,12130.4,2.47M,2.83%
26/11/2019,12304.3,12521.7,12652.2,12000,3.75M,-0.35%
25/11/2019,12347.8,12869.6,12869.6,12347.8,3.53M,-4.70%
22/11/2019,12956.5,13565.2,13652.2,12826.1,5.56M,-4.49%
21/11/2019,13565.2,13478.3,13652.2,13478.3,1.55M,-0.64%
20/11/2019,13652.2,13608.7,13695.6,13478.3,1.90M,1.29%
19/11/2019,13478.3,13565.2,13652.2,13434.8,917.56K,0.00%
18/11/2019,13478.3,13739.1,13869.6,13478.3,1.96M,-1.27%
15/11/2019,13652.2,13652.2,13826.1,13565.2,916.58K,0.32%
14/11/2019,13608.7,13826.1,13869.6,13565.2,2.33M,-1.57%
13/11/2019,13826.1,14000,14087,13739.1,3.14M,-1.24%
12/11/2019,14000,14173.9,14260.9,13826.1,2.81M,-1.23%
11/11/2019,14173.9,14087,14347.8,13956.5,3.27M,0.62%
08/11/2019,14087,14217.4,14304.3,14000,1.88M,0.00%
07/11/2019,14087,14087,14347.8,13956.5,2.39M,0.00%
06/11/2019,14087,13782.6,14217.4,13695.6,4.38M,2.21%
05/11/2019,13782.6,13869.6,13869.6,13652.2,1.65M,-0.63%
04/11/2019,13869.6,13304.3,13913,13304.3,3.81M,3.57%
01/11/2019,13391.3,13391.3,13608.7,13260.9,2.27M,-0.32%
31/10/2019,13434.8,13826.1,13869.6,13304.3,1.40M,-2.83%
30/10/2019,13826.1,14043.5,14043.5,13739.1,826.90K,-1.55%
29/10/2019,14043.5,14043.5,14260.9,13956.5,1.14M,0.31%
28/10/2019,14000,13695.6,14130.4,13695.6,1.16M,1.90%
25/10/2019,13739.1,13739.1,13826.1,13652.2,608.93K,-0.32%
24/10/2019,13782.6,13739.1,13782.6,13608.7,543.39K,0.32%
23/10/2019,13739.1,13739.1,13782.6,13565.2,507.74K,0.00%
22/10/2019,13739.1,13478.3,13739.1,13347.8,1.67M,0.96%
21/10/2019,13608.7,13913,13956.5,13521.7,1.32M,-2.19%
18/10/2019,13913,14173.9,14260.9,13913,1.57M,-1.84%
17/10/2019,14173.9,14217.4,14260.9,14130.4,1.06M,-0.61%
16/10/2019,14260.9,14521.7,14521.7,14260.9,918.91K,-0.91%
15/10/2019,14391.3,14260.9,14521.7,14217.4,2.67M,0.91%
14/10/2019,14260.9,14130.4,14304.3,14043.5,2.05M,1.55%
11/10/2019,14043.5,14130.4,14217.4,13956.5,1.36M,-0.61%
10/10/2019,14130.4,14347.8,14347.8,14130.4,623.52K,-1.52%
09/10/2019,14347.8,14260.9,14434.8,14217.4,926.66K,0.61%
08/10/2019,14260.9,14000,14304.3,13695.6,2.88M,1.23%
07/10/2019,14087,14521.7,14608.7,14000,4.27M,-2.99%
04/10/2019,14521.7,14782.6,14782.6,14478.3,2.07M,-0.60%
03/10/2019,14608.7,14782.6,14913,14521.7,3.98M,-3.17%
02/10/2019,15087,15130.4,15260.9,14913,3.24M,-0.57%
01/10/2019,15173.9,15304.3,15347.8,14956.5,2.29M,0.00%
30/09/2019,15173.9,15043.5,15434.8,15000,4.24M,1.75%
27/09/2019,14913,14695.6,14913,14608.7,2.32M,1.48%
26/09/2019,14695.6,14695.6,14739.1,14434.8,1.72M,0.59%
25/09/2019,14608.7,14608.7,14695.6,14304.3,3.00M,-0.59%
24/09/2019,14695.6,14608.7,14913,14478.3,1.33M,0.59%
23/09/2019,14608.7,14565.2,14739.1,14478.3,1.80M,-0.59%
20/09/2019,14695.6,15130.4,15130.4,14695.6,3.61M,-2.87%
19/09/2019,15130.4,14956.5,15260.9,14956.5,2.73M,1.16%
18/09/2019,14956.5,15043.5,15217.4,14826.1,4.01M,0.00%
17/09/2019,14956.5,14347.8,15043.5,14173.9,4.62M,3.30%
16/09/2019,14478.3,14521.7,14565.2,14260.9,2.15M,0.60%
13/09/2019,14391.3,14217.4,14608.7,14217.4,2.64M,1.53%
12/09/2019,14173.9,13565.2,14173.9,13521.7,4.39M,5.50%
11/09/2019,13434.8,13173.9,13434.8,13043.5,1.34M,1.98%
10/09/2019,13173.9,13130.4,13304.3,12956.5,1.78M,0.00%
09/09/2019,13173.9,13130.4,13478.3,13130.4,1.41M,-0.66%
06/09/2019,13260.9,12869.6,13391.3,12782.6,2.20M,3.74%
05/09/2019,12782.6,12913,13000,12608.7,1.53M,-1.01%
04/09/2019,12913,12869.6,13000,12608.7,1.97M,-1.00%
03/09/2019,13043.5,13434.8,13434.8,13043.5,1.59M,-3.23%
30/08/2019,13478.3,13565.2,13565.2,13217.4,1.26M,0.65%
29/08/2019,13391.3,13130.4,13434.8,13087,2.41M,1.99%
28/08/2019,13130.4,12913,13304.3,12782.6,2.36M,1.68%
27/08/2019,12913,12478.3,13000,12434.8,3.60M,3.85%
26/08/2019,12434.8,11869.6,12608.7,11869.6,3.20M,4.00%
23/08/2019,11956.5,11869.6,12087,11826.1,942.85K,0.73%
22/08/2019,11869.6,12130.4,12173.9,11826.1,1.18M,-2.50%
21/08/2019,12173.9,12217.4,12304.3,12087,1.00M,-1.41%
20/08/2019,12347.8,12304.3,12434.8,12043.5,1.20M,0.00%
19/08/2019,12347.8,12217.4,12521.7,12173.9,1.27M,0.71%
16/08/2019,12260.9,11913,12434.8,11739.1,2.30M,2.17%
15/08/2019,12000,11304.3,12000,11304.3,1.24M,0.00%
14/08/2019,12000,12087,12173.9,11869.6,1.06M,2.22%
13/08/2019,11739.1,11565.2,11739.1,11304.3,2.61M,6.98%
12/08/2019,10973.1,11280.7,11656.8,10870.5,4.86M,-0.62%
09/08/2019,11041.5,10460.3,11041.5,10186.8,4.15M,6.95%
08/08/2019,10323.6,10392,10528.7,9810.8,3.25M,-0.66%
07/08/2019,10392,10973.1,11280.7,10392,3.44M,-5.30%
06/08/2019,10973.1,11280.7,11314.9,10802.2,4.17M,-5.31%
05/08/2019,11588.4,12032.8,12101.2,11588.4,2.07M,-3.69%
02/08/2019,12032.8,12067,12203.7,11964.4,940.79K,-0.28%
01/08/2019,12067,11896.1,12306.3,11896.1,967.61K,1.73%
31/07/2019,11861.9,12306.3,12443,11861.9,2.12M,-3.61%
30/07/2019,12306.3,12408.8,12477.2,12306.3,631.14K,-0.28%
29/07/2019,12340.4,12374.6,12443,12340.4,448.37K,-0.82%
26/07/2019,12443,12545.5,12613.9,12306.3,1.42M,-0.82%
25/07/2019,12545.5,12648.1,12648.1,12545.5,968.64K,-0.27%
24/07/2019,12579.7,12989.9,13058.3,12579.7,1.57M,-2.90%
23/07/2019,12955.8,12921.6,13126.7,12921.6,689.63K,0.26%
22/07/2019,12921.6,12784.8,13058.3,12784.8,701.37K,-1.31%
19/07/2019,13092.5,13126.7,13297.6,13092.5,1.31M,-0.26%
18/07/2019,13126.7,12989.9,13126.7,12955.8,876.77K,0.52%
17/07/2019,13058.3,12579.7,13092.5,12579.7,2.05M,3.52%
16/07/2019,12613.9,12750.7,12921.6,12613.9,764.07K,-1.34%
15/07/2019,12784.8,12853.2,12921.6,12784.8,895.02K,-0.53%
12/07/2019,12853.2,12648.1,12989.9,12579.7,1.92M,1.62%
11/07/2019,12648.1,12545.5,12648.1,12443,748.97K,1.65%
10/07/2019,12443,12716.5,12750.7,12443,1.09M,-1.62%
09/07/2019,12648.1,12443,12682.3,12408.8,837.79K,1.65%
08/07/2019,12443,12511.4,12511.4,12408.8,637.67K,-0.55%
05/07/2019,12511.4,12545.5,12648.1,12511.4,1.05M,-0.27%
04/07/2019,12545.5,12477.2,12682.3,12477.2,953.69K,0.55%
03/07/2019,12477.2,12579.7,12613.9,12477.2,957.52K,-1.35%
02/07/2019,12648.1,12819,12853.2,12648.1,1.04M,-1.33%
01/07/2019,12819,12955.8,12955.8,12784.8,925.36K,0.54%
28/06/2019,12750.7,12921.6,12921.6,12716.5,1.17M,-0.27%
27/06/2019,12784.8,12784.8,12819,12716.5,1.27M,0.00%
26/06/2019,12784.8,12887.4,12887.4,12750.7,957.96K,-0.80%
25/06/2019,12887.4,12853.2,12989.9,12853.2,762.65K,-0.26%
24/06/2019,12921.6,13126.7,13126.7,12887.4,1.29M,-1.05%
21/06/2019,13058.3,12682.3,13229.2,12682.3,2.31M,2.96%
20/06/2019,12682.3,12443,12716.5,12443,1.05M,1.92%
19/06/2019,12443,12443,12613.9,12408.8,953.70K,1.11%
18/06/2019,12306.3,12237.9,12374.6,12237.9,676.68K,0.56%
17/06/2019,12237.9,12511.4,12545.5,12237.9,518.49K,-2.19%
14/06/2019,12511.4,12648.1,12682.3,12511.4,615.86K,-0.54%
13/06/2019,12579.7,12511.4,12648.1,12477.2,617.03K,-0.54%
12/06/2019,12648.1,12682.3,12750.7,12579.7,675.90K,-0.54%
11/06/2019,12716.5,12750.7,12921.6,12682.3,1.27M,0.27%
10/06/2019,12682.3,12511.4,12819,12511.4,1.13M,1.64%
07/06/2019,12477.2,12374.6,12477.2,12272.1,786.02K,1.96%
06/06/2019,12237.9,12306.3,12511.4,12203.7,791.93K,-0.56%
05/06/2019,12306.3,12408.8,12477.2,12306.3,884.46K,1.12%
04/06/2019,12169.5,12101.2,12306.3,12067,1.14M,0.56%
03/06/2019,12101.2,12477.2,12579.7,12101.2,1.79M,-3.28%
31/05/2019,12511.4,12955.8,13024.1,12511.4,1.14M,-3.43%
30/05/2019,12955.8,12921.6,13058.3,12853.2,601.22K,0.00%
29/05/2019,12955.8,12853.2,13058.3,12784.8,853.78K,0.00%
28/05/2019,12955.8,13058.3,13126.7,12750.7,1.28M,-0.78%
27/05/2019,13058.3,13058.3,13160.9,12989.9,781.80K,-0.78%
24/05/2019,13160.9,13229.2,13468.5,13160.9,2.57M,-1.28%
23/05/2019,13331.8,12989.9,13331.8,12921.6,1.55M,2.63%
22/05/2019,12989.9,13126.7,13160.9,12989.9,1.01M,0.00%
21/05/2019,12989.9,12921.6,13195,12853.2,2.09M,0.53%
20/05/2019,12921.6,12887.4,13126.7,12887.4,1.12M,0.00%
17/05/2019,12921.6,13092.5,13195,12921.6,1.08M,-1.31%
16/05/2019,13092.5,13229.2,13366,13092.5,1.28M,-0.78%
15/05/2019,13195,12989.9,13297.6,12989.9,2.11M,1.58%
14/05/2019,12989.9,12853.2,13092.5,12784.8,2.03M,-1.04%
13/05/2019,13126.7,13058.3,13400.1,12853.2,2.79M,-0.26%
10/05/2019,13160.9,13058.3,13366,12989.9,2.84M,1.32%
09/05/2019,12989.9,12306.3,13092.5,12306.3,5.79M,6.14%
08/05/2019,12237.9,12511.4,12716.5,12237.9,4.08M,-4.28%
07/05/2019,12784.8,13195,13468.5,12784.8,1.97M,-2.35%
06/05/2019,13092.5,13400.1,13742,13092.5,3.61M,-6.81%
03/05/2019,14049.6,14391.5,14459.9,13912.9,1.90M,-2.61%
02/05/2019,14425.7,14562.4,14733.3,14425.7,541.98K,-0.94%
26/04/2019,14562.4,14494,14630.8,14494,547.84K,0.00%
25/04/2019,14562.4,14699.1,14801.7,14562.4,623.68K,-0.93%
24/04/2019,14699.1,14630.8,14870.1,14630.8,757.71K,0.47%
23/04/2019,14630.8,14733.3,14938.4,14596.6,1.13M,-2.06%
22/04/2019,14938.4,14972.6,15075.2,14767.5,2.39M,-0.68%
19/04/2019,15041,14665,15177.7,14357.3,1.88M,4.27%
18/04/2019,14425.7,15041,15075.2,14425.7,1.23M,-4.09%
17/04/2019,15041,15246.1,15348.6,15041,964.21K,-0.90%
16/04/2019,15177.7,15246.1,15314.5,14938.4,999.47K,-1.33%
12/04/2019,15382.8,15382.8,15485.4,15314.5,647.04K,0.22%
11/04/2019,15348.6,15246.1,15451.2,15211.9,1.08M,0.67%
10/04/2019,15246.1,15246.1,15485.4,15211.9,1.32M,-1.76%
09/04/2019,15519.6,15827.2,15929.8,15485.4,1.15M,-1.94%
08/04/2019,15827.2,16066.5,16066.5,15724.7,875.80K,-0.64%
05/04/2019,15929.8,15451.2,16066.5,15417,1.84M,3.33%
04/04/2019,15417,15451.2,15553.7,15314.5,1.07M,0.67%
03/04/2019,15314.5,15280.3,15451.2,15280.3,1.19M,0.22%
02/04/2019,15280.3,15485.4,15553.7,15246.1,804.95K,-0.44%
01/04/2019,15348.6,15382.8,15451.2,15280.3,795.47K,0.67%
29/03/2019,15246.1,15485.4,15519.6,15246.1,732.36K,-0.89%
28/03/2019,15382.8,15314.5,15485.4,15109.4,995.16K,0.00%
27/03/2019,15382.8,15109.4,15417,15041,1.17M,2.97%
26/03/2019,14938.4,14904.2,15041,14733.3,1.19M,1.39%
25/03/2019,14733.3,15041,15348.6,14699.1,2.68M,-5.07%
22/03/2019,15519.6,15587.9,15656.3,15280.3,2.84M,0.89%
21/03/2019,15382.8,16066.5,16169.1,15382.8,2.52M,-4.05%
20/03/2019,16032.3,15998.1,16203.2,15929.8,1.58M,-0.21%
19/03/2019,16066.5,16681.8,16784.4,16066.5,3.84M,-3.29%
18/03/2019,16613.5,16613.5,16886.9,16510.9,1.71M,0.41%
15/03/2019,16545.1,16818.6,16852.7,16476.7,2.32M,-1.63%
14/03/2019,16818.6,16750.2,16886.9,16647.6,1.35M,0.41%
13/03/2019,16750.2,16955.3,17057.8,16750.2,1.51M,-0.81%
12/03/2019,16886.9,17194.6,17262.9,16750.2,1.67M,-0.20%
11/03/2019,16921.1,16545.1,16989.5,16510.9,1.58M,2.48%
08/03/2019,16510.9,16818.6,17023.7,16510.9,4.00M,-3.40%
07/03/2019,17092,17912.4,17912.4,17092,3.84M,-3.29%
06/03/2019,17673.2,17502.2,17741.5,17365.5,1.64M,0.98%
05/03/2019,17502.2,17775.7,17912.4,17365.5,3.49M,-1.73%
04/03/2019,17809.9,17228.8,17878.3,17092,5.54M,4.41%
01/03/2019,17057.8,16750.2,17057.8,16750.2,1.27M,1.84%
28/02/2019,16750.2,17160.4,17297.1,16750.2,2.75M,-1.80%
27/02/2019,17057.8,16613.5,17262.9,16613.5,3.89M,2.67%
26/02/2019,16613.5,16921.1,16989.5,16613.5,1.66M,-1.82%
25/02/2019,16921.1,16955.3,17057.8,16750.2,2.11M,1.23%
22/02/2019,16716,16818.6,16886.9,16647.6,1.79M,-0.61%
21/02/2019,16818.6,16716,16989.5,16681.8,2.08M,0.61%
20/02/2019,16716,16750.2,16886.9,16613.5,1.43M,-0.20%
19/02/2019,16750.2,17160.4,17331.3,16613.5,2.68M,-2.20%
18/02/2019,17126.2,16955.3,17126.2,16886.9,1.89M,1.42%
15/02/2019,16886.9,16818.6,17160.4,16818.6,2.16M,-0.40%
14/02/2019,16955.3,16955.3,17297.1,16818.6,2.74M,0.00%
13/02/2019,16955.3,16989.5,17092,16886.9,2.55M,0.41%
12/02/2019,16886.9,16886.9,17092,16818.6,2.57M,0.00%
11/02/2019,16886.9,16032.3,16886.9,15998.1,2.73M,6.01%
01/02/2019,15929.8,15793,15929.8,15758.8,651.74K,0.65%
31/01/2019,15827.2,15793,15929.8,15793,549.63K,0.43%
30/01/2019,15758.8,15793,15861.4,15758.8,695.95K,-0.22%
29/01/2019,15793,15793,15861.4,15690.5,1.24M,-0.43%
28/01/2019,15861.4,15793,15929.8,15793,786.67K,0.43%
25/01/2019,15793,15929.8,15998.1,15793,971.56K,-1.07%
24/01/2019,15964,16203.2,16203.2,15861.4,612.64K,-0.64%
23/01/2019,16066.5,16032.3,16271.6,15895.6,2.00M,1.29%
22/01/2019,15861.4,15793,15929.8,15758.8,1.39M,1.09%
21/01/2019,15690.5,15382.8,15758.8,15382.8,1.28M,2.00%
18/01/2019,15382.8,15587.9,15587.9,15382.8,966.96K,-0.88%
17/01/2019,15519.6,15724.7,15793,15519.6,1.18M,-1.30%
16/01/2019,15724.7,16032.3,16032.3,15656.3,1.54M,-0.86%
15/01/2019,15861.4,15827.2,16134.9,15724.7,1.10M,0.87%
14/01/2019,15724.7,15895.6,15929.8,15656.3,1.11M,-1.08%
11/01/2019,15895.6,16100.7,16169.1,15895.6,1.11M,-1.27%
10/01/2019,16100.7,16134.9,16271.6,15998.1,1.30M,-0.21%
09/01/2019,16134.9,15382.8,16134.9,15382.8,1.70M,4.89%
08/01/2019,15382.8,15690.5,15690.5,15246.1,1.08M,-1.96%
07/01/2019,15690.5,16134.9,16134.9,15622.1,1.41M,1.10%
04/01/2019,15519.6,15246.1,15861.4,14767.5,1.96M,0.89%
03/01/2019,15382.8,15587.9,15964,15348.6,2.11M,-2.39%
02/01/2019,15758.8,16169.1,16271.6,15656.3,1.40M,-3.15%
28/12/2018,16271.6,16134.9,16340,16066.5,4.28M,0.42%
27/12/2018,16203.2,16134.9,16203.2,15998.1,1.72M,3.04%
26/12/2018,15724.7,15998.1,16066.5,15553.7,2.63M,-1.92%
25/12/2018,16032.3,15724.7,16100.7,15553.7,3.29M,-2.70%
24/12/2018,16476.7,16545.1,16545.1,16305.8,2.69M,-0.41%
21/12/2018,16545.1,16408.3,16579.3,16169.1,4.99M,-0.82%
20/12/2018,16681.8,15998.1,16681.8,15964,1.75M,3.61%
19/12/2018,16100.7,16271.6,16476.7,15861.4,2.00M,-1.87%
18/12/2018,16408.3,16408.3,16579.3,15929.8,4.14M,-2.04%
17/12/2018,16750.2,17297.1,17297.1,16750.2,2.49M,-3.92%
14/12/2018,17433.9,17536.4,17639,17262.9,1.81M,-1.35%
13/12/2018,17673.2,17912.4,17912.4,17604.8,1.44M,-0.58%
12/12/2018,17775.7,17399.7,17775.7,17262.9,1.67M,2.36%
11/12/2018,17365.5,17639,17639,17194.6,1.78M,-0.78%
10/12/2018,17502.2,17707.3,17775.7,17502.2,1.73M,-2.66%
07/12/2018,17980.8,17570.6,18117.5,17536.4,3.96M,2.94%
06/12/2018,17468.1,17297.1,17502.2,17297.1,2.14M,0.20%
05/12/2018,17433.9,17092,17468.1,17057.8,2.36M,0.39%
04/12/2018,17365.5,17468.1,17570.6,17126.2,2.34M,-0.59%
03/12/2018,17468.1,16989.5,17468.1,16818.6,2.63M,5.36%
30/11/2018,16579.3,16408.3,16579.3,16271.6,1.56M,1.04%
29/11/2018,16408.3,16852.7,16886.9,16408.3,1.91M,-0.83%
28/11/2018,16545.1,16545.1,16716,16510.9,1.65M,0.00%
27/11/2018,16545.1,17160.4,17297.1,16476.7,1.81M,-2.81%
26/11/2018,17023.7,17092,17228.8,17023.7,1.28M,-0.40%
23/11/2018,17092,17433.9,17502.2,17092,1.69M,-2.15%
22/11/2018,17468.1,17502.2,17639,17399.7,2.39M,0.79%
21/11/2018,17331.3,17228.8,17433.9,17194.6,1.88M,-0.98%
20/11/2018,17502.2,17365.5,17639,17297.1,1.50M,-0.39%
19/11/2018,17570.6,17228.8,17639,17160.4,2.44M,2.80%
16/11/2018,17092,17160.4,17297.1,16852.7,1.92M,0.60%
15/11/2018,16989.5,16989.5,17297.1,16886.9,1.40M,0.00%
14/11/2018,16989.5,17023.7,17365.5,16921.1,1.77M,-0.60%
13/11/2018,17092,16203.2,17228.8,16203.2,2.00M,1.42%
12/11/2018,16852.7,16750.2,16989.5,16408.3,2.03M,-1.40%
09/11/2018,17092,17570.6,17707.3,17092,1.59M,-3.66%
08/11/2018,17741.5,17775.7,17878.3,17604.8,2.59M,1.57%
07/11/2018,17468.1,17570.6,17844.1,17297.1,1.50M,-1.73%
06/11/2018,17775.7,17980.8,18049.2,17502.2,1.93M,-0.38%
05/11/2018,17844.1,17639,17912.4,17365.5,2.47M,-0.19%
02/11/2018,17878.3,17160.4,17980.8,17092,3.63M,4.60%
01/11/2018,17092,16750.2,17433.9,16716,4.78M,2.88%
31/10/2018,16613.5,16203.2,16613.5,15998.1,4.83M,6.81%
30/10/2018,15553.7,16134.9,16545.1,15553.7,5.36M,-5.60%
29/10/2018,16476.7,17160.4,17228.8,16066.5,2.60M,-3.98%
26/10/2018,17160.4,17775.7,18049.2,17160.4,2.69M,-1.18%
25/10/2018,17365.5,17092,17775.7,17092,3.51M,-4.33%
24/10/2018,18151.7,18938,18938,18049.2,2.74M,-3.45%
23/10/2018,18801.2,19006.3,19108.9,18220.1,4.25M,-1.79%
22/10/2018,19143.1,19826.8,19860.9,19143.1,4.50M,-2.44%
19/10/2018,19621.6,19074.7,19621.6,19074.7,2.15M,1.06%
18/10/2018,19416.5,19690,19792.6,19416.5,2.05M,-1.73%
17/10/2018,19758.4,19826.8,19895.1,19621.6,3.24M,1.05%
16/10/2018,19553.3,19006.3,19553.3,18835.4,2.76M,3.81%
15/10/2018,18835.4,18801.2,19074.7,18459.4,2.55M,0.18%
12/10/2018,18801.2,18459.4,18869.6,18083.4,3.38M,1.85%
11/10/2018,18459.4,18561.9,19143.1,18459.4,9.21M,-6.90%
10/10/2018,19826.8,19792.6,19963.5,19587.5,2.57M,0.52%
09/10/2018,19724.2,19621.6,19826.8,19621.6,2.53M,0.52%
08/10/2018,19621.6,19416.5,19690,19314,2.75M,0.00%
05/10/2018,19621.6,19826.8,20066,19553.3,3.25M,-2.38%
04/10/2018,20100.2,19416.5,20100.2,19279.8,2.93M,4.63%
03/10/2018,19211.4,19211.4,19519.1,19074.7,4.27M,0.00%
02/10/2018,19211.4,19826.8,19826.8,19006.3,12.51M,-3.10%
01/10/2018,19826.8,20510.4,20613,19758.4,7.92M,-3.65%
28/09/2018,20578.8,20783.9,20920.6,20442.1,4.54M,-1.31%
27/09/2018,20852.3,20305.3,20852.3,20237,5.59M,2.69%
26/09/2018,20305.3,20442.1,20715.5,20237,4.13M,-1.00%
25/09/2018,20510.4,20237,20647.2,20134.4,4.22M,1.18%
24/09/2018,20271.1,20510.4,20578.8,20237,2.00M,-0.50%
21/09/2018,20373.7,19963.5,20442.1,19826.8,5.70M,2.23%
20/09/2018,19929.3,19963.5,20031.9,19690,3.11M,0.00%
19/09/2018,19929.3,19758.4,20134.4,19758.4,6.73M,1.22%
18/09/2018,19690,19143.1,19724.2,19006.3,5.48M,2.13%
17/09/2018,19279.8,19108.9,19348.2,19006.3,6.62M,0.71%
14/09/2018,19143.1,19211.4,19382.4,19143.1,6.08M,-0.53%
13/09/2018,19245.6,19279.8,19416.5,19143.1,4.16M,0.54%
12/09/2018,19143.1,19553.3,19621.6,19143.1,5.38M,-1.75%
11/09/2018,19484.9,18801.2,19484.9,18801.2,5.88M,2.52%
10/09/2018,19006.3,18938,19211.4,18835.4,4.68M,0.36%
07/09/2018,18938,18425.2,19040.5,18391,3.95M,2.78%
06/09/2018,18425.2,18527.8,18596.1,18356.8,1.81M,0.00%
05/09/2018,18425.2,18459.4,18664.5,18117.5,6.22M,-0.92%
04/09/2018,18596.1,19211.4,19279.8,18322.7,8.68M,-4.23%
31/08/2018,19416.5,19758.4,19860.9,19279.8,4.77M,-2.07%
30/08/2018,19826.8,19553.3,19860.9,19450.7,4.85M,1.22%
29/08/2018,19587.5,18903.8,19758.4,18903.8,8.54M,3.62%
28/08/2018,18903.8,19074.7,19143.1,18903.8,3.69M,-0.54%
27/08/2018,19006.3,19211.4,19279.8,18972.2,4.88M,0.00%
24/08/2018,19006.3,19074.7,19245.6,18801.2,4.34M,-0.36%
23/08/2018,19074.7,19040.5,19211.4,18801.2,2.81M,0.00%
22/08/2018,19074.7,19416.5,19450.7,19006.3,3.36M,-0.71%
21/08/2018,19211.4,19040.5,19382.4,18972.2,4.22M,0.90%
20/08/2018,19040.5,18527.8,19040.5,18527.8,4.00M,2.58%
17/08/2018,18561.9,18732.9,18938,18561.9,2.28M,-0.18%
16/08/2018,18596.1,18185.9,18664.5,18117.5,4.06M,0.37%
15/08/2018,18527.8,19143.1,19279.8,18459.4,4.48M,-3.21%
14/08/2018,19143.1,19416.5,19621.6,19108.9,5.17M,-1.41%
13/08/2018,19416.5,18596.1,19519.1,18391,5.30M,4.03%
10/08/2018,18664.5,18596.1,18698.7,18254.3,2.69M,0.37%
09/08/2018,18596.1,18527.8,18664.5,18254.3,6.21M,0.74%
08/08/2018,18459.4,17639,18459.4,17639,3.57M,4.65%
07/08/2018,17639,17775.7,18049.2,17536.4,2.27M,-1.90%
06/08/2018,17980.8,17844.1,18185.9,17570.6,2.89M,1.54%
03/08/2018,17707.3,17809.9,18254.3,17639,4.22M,-0.38%
02/08/2018,17775.7,17502.2,17775.7,16989.5,5.92M,0.77%
01/08/2018,17639,17673.2,18117.5,17502.2,4.59M,-0.77%
31/07/2018,17775.7,17912.4,18561.9,17775.7,4.33M,-1.89%
30/07/2018,18117.5,18117.5,18288.5,17741.5,3.09M,0.38%
27/07/2018,18049.2,17502.2,18288.5,17297.1,7.41M,5.60%
26/07/2018,17092,16340,17092,16203.2,4.02M,3.73%
25/07/2018,16476.7,16579.3,16818.6,16340,2.75M,0.00%
24/07/2018,16476.7,16271.6,16647.6,16032.3,4.01M,1.26%
23/07/2018,16271.6,16476.7,16818.6,16271.6,5.36M,-2.86%
20/07/2018,16750.2,16955.3,16955.3,16134.9,5.20M,-2.20%
19/07/2018,17126.2,16921.1,17228.8,16545.1,5.46M,1.01%
18/07/2018,16955.3,16408.3,17194.6,16408.3,5.33M,4.42%
17/07/2018,16237.4,14904.2,16237.4,14904.2,4.69M,6.98%
16/07/2018,15177.7,15211.9,15382.8,14835.9,4.97M,-0.67%
13/07/2018,15280.3,14835.9,15382.8,14835.9,6.51M,5.92%
12/07/2018,14425.7,13605.3,14665,13502.7,4.47M,4.98%
11/07/2018,13742,13742,13810.4,13434.3,9.32M,-4.74%
10/07/2018,14425.7,15451.2,15724.7,14391.5,6.52M,-6.64%
09/07/2018,15451.2,16476.7,16716,15382.8,5.08M,-5.04%
06/07/2018,16271.6,14767.5,16681.8,14767.5,9.00M,2.59%
05/07/2018,15861.4,17092,17092,15861.4,9.82M,-6.83%
04/07/2018,17023.7,16750.2,17160.4,15998.1,4.67M,1.63%
03/07/2018,16750.2,17673.2,18459.4,16750.2,6.19M,-6.84%
02/07/2018,17980.8,18391,18596.1,17262.9,10.38M,-3.13%
29/06/2018,18561.9,18322.7,19006.3,18288.5,3.83M,1.31%
28/06/2018,18322.7,18938,19279.8,18117.5,7.01M,-5.30%
27/06/2018,19348.2,19997.7,20168.6,19143.1,5.16M,-3.58%
26/06/2018,20066,19963.5,20168.6,19860.9,3.01M,-2.17%
25/06/2018,20510.4,20510.4,20681.4,20339.5,3.24M,0.50%
22/06/2018,20407.9,19484.9,20442.1,19450.7,3.23M,2.23%
21/06/2018,19963.5,20715.5,20715.5,19826.8,3.91M,-4.26%
20/06/2018,20852.3,19826.8,20852.3,19553.3,6.79M,6.27%
19/06/2018,19621.6,19621.6,20168.6,19245.6,11.61M,-5.12%
18/06/2018,20681.4,22082.9,22151.3,20681.4,11.20M,-6.92%
15/06/2018,22219.6,22014.5,22219.6,21672.7,4.67M,0.00%
14/06/2018,22219.6,22698.2,22903.3,21809.4,8.33M,-2.69%
13/06/2018,22834.9,22288,23108.4,22219.6,6.19M,1.37%
12/06/2018,22527.3,21809.4,22561.5,21194.1,7.95M,1.38%
11/06/2018,22219.6,22800.8,22937.5,22219.6,5.93M,-3.70%
08/06/2018,23074.2,22561.5,23074.2,22253.8,6.69M,1.66%
07/06/2018,22698.2,23176.8,23279.3,22561.5,5.44M,-2.07%
06/06/2018,23176.8,22903.3,23313.5,22766.6,4.78M,-0.15%
05/06/2018,23211,22356.4,23211,22117.1,6.67M,3.19%
04/06/2018,22493.1,21877.8,22561.5,21536,4.94M,2.81%
01/06/2018,21877.8,21125.7,22151.3,20920.6,7.65M,4.07%
31/05/2018,21023.2,19655.8,21023.2,19553.3,5.46M,6.96%
30/05/2018,19655.8,19143.1,19963.5,19006.3,3.56M,2.86%
29/05/2018,19108.9,18049.2,19108.9,18049.2,2.79M,6.88%
28/05/2018,17878.3,18801.2,18938,17878.3,8.26M,-6.94%
25/05/2018,19211.4,20134.4,20647.2,19211.4,2.74M,-5.70%
24/05/2018,20373.7,20407.9,20578.8,20100.2,1.86M,-0.17%
23/05/2018,20407.9,19211.4,20407.9,19143.1,2.44M,2.93%
22/05/2018,19826.8,21194.1,21330.9,19826.8,7.36M,-6.90%
21/05/2018,21297,22083.5,22083.5,21024.7,4.78M,-2.22%
18/05/2018,21781,21660,21781,21055,4.46M,0.56%
17/05/2018,21660,21962.5,21962.5,21357.5,3.53M,-1.38%
16/05/2018,21962.5,21660,21992.8,21418,5.74M,0.97%
15/05/2018,21750.7,21357.5,21902,21297,5.00M,2.71%
14/05/2018,21176,20510.4,21176,20389.4,4.29M,4.48%
11/05/2018,20268.4,19481.9,20449.9,19360.9,3.03M,1.52%
10/05/2018,19965.9,20570.9,20964.2,19844.9,3.23M,-4.07%
09/05/2018,20813,20268.4,20964.2,20207.9,5.78M,2.08%
08/05/2018,20389.4,20389.4,20782.7,20147.4,6.06M,0.00%
07/05/2018,20389.4,19058.4,20389.4,19028.1,4.66M,6.98%
04/05/2018,19058.4,18876.9,19360.9,18755.9,3.47M,2.27%
03/05/2018,18634.9,18211.3,18634.9,17334,5.96M,0.65%
02/05/2018,18513.8,20086.9,20147.4,18513.8,3.75M,-6.99%
27/04/2018,19905.4,18755.9,19905.4,18604.6,4.34M,2.49%
26/04/2018,19421.4,20873.5,20994.5,19421.4,5.53M,-6.96%
24/04/2018,20873.5,20570.9,21236.5,20298.7,4.05M,0.15%
23/04/2018,20843.2,22628,22688.5,20843.2,4.76M,-6.89%
20/04/2018,22386,21478.5,22386,21448.2,6.53M,4.23%
19/04/2018,21478.5,21266.7,21750.7,20691.9,6.38M,1.00%
18/04/2018,21266.7,22083.5,22355.8,21176,4.19M,-3.17%
17/04/2018,21962.5,20934,21962.5,20752.5,5.59M,5.52%
16/04/2018,20813,21478.5,21599.5,20813,6.05M,-3.91%
13/04/2018,21660,22597.8,22597.8,21660,5.49M,-2.72%
12/04/2018,22265,21841.5,22567.5,21781,4.50M,0.27%
11/04/2018,22204.5,23354.1,23414.6,22174.3,8.73M,-4.92%
10/04/2018,23354.1,24140.6,24140.6,23202.8,7.08M,-3.01%
09/04/2018,24080.1,23717.1,24322.1,23717.1,7.34M,1.53%
06/04/2018,23717.1,22991.1,23838.1,22960.8,9.07M,3.29%
05/04/2018,22960.8,22960.8,23051.6,22083.5,9.39M,1.20%
04/04/2018,22688.5,22446.5,23172.6,22386,10.50M,1.90%
03/04/2018,22265,22567.5,22809.5,22265,3.64M,-1.60%
02/04/2018,22628,22355.8,22809.5,22083.5,4.91M,2.75%
30/03/2018,22023,21902,22507,21690.2,6.16M,-0.55%
29/03/2018,22144,22386,22446.5,21690.2,6.02M,-0.27%
28/03/2018,22204.5,22567.5,22991.1,22204.5,4.39M,-2.13%
27/03/2018,22688.5,23475.1,23596.1,22567.5,3.74M,-2.22%
26/03/2018,23202.8,22113.8,23202.8,22113.8,3.90M,4.21%
23/03/2018,22265,22204.5,22870,22144,7.86M,-3.67%
22/03/2018,23112.1,23081.8,23444.8,22991.1,4.93M,0.00%
21/03/2018,23112.1,23354.1,23414.6,22930.6,4.28M,-0.52%
20/03/2018,23233.1,23112.1,23717.1,22991.1,3.42M,0.00%
19/03/2018,23233.1,22083.5,23233.1,21902,11.00M,6.96%
16/03/2018,21720.5,21902,22053.3,21629.7,4.60M,-1.10%
15/03/2018,21962.5,21478.5,21962.5,21478.5,2.57M,0.41%
14/03/2018,21871.8,22083.5,22446.5,21871.8,2.62M,-0.96%
13/03/2018,22083.5,20691.9,22083.5,20661.7,3.96M,5.19%
12/03/2018,20994.5,21781,22083.5,20934,6.71M,-3.61%
09/03/2018,21781,22446.5,22507,21781,3.58M,-2.44%
08/03/2018,22325.5,21902,22476.8,21841.5,5.36M,0.82%
07/03/2018,22144,22204.5,22446.5,21962.5,6.43M,-1.08%
06/03/2018,22386,21720.5,22507,21297,6.08M,3.06%
05/03/2018,21720.5,21660,22234.8,21478.5,10.44M,1.70%
02/03/2018,21357.5,19723.9,21357.5,19663.4,11.02M,6.97%
01/03/2018,19965.9,19965.9,20540.7,19663.4,4.40M,-0.90%
28/02/2018,20147.4,19239.9,20238.2,19149.1,5.91M,3.10%
27/02/2018,19542.4,19784.4,19905.4,19179.4,6.16M,-0.62%
26/02/2018,19663.4,20570.9,20631.4,19602.9,7.90M,-2.84%
23/02/2018,20238.2,19421.4,20268.4,19300.4,6.41M,4.86%
22/02/2018,19300.4,18634.9,19723.9,18634.9,7.26M,1.43%
21/02/2018,19028.1,18665.1,19421.4,18665.1,4.40M,2.78%
13/02/2018,18513.8,18695.4,18816.4,18392.8,3.76M,2.00%
12/02/2018,18150.8,17485.3,18150.8,17303.8,3.55M,6.38%
09/02/2018,17061.8,16275.2,17303.8,16214.7,5.19M,-1.05%
08/02/2018,17243.3,16698.8,17787.8,16698.8,5.42M,1.79%
07/02/2018,16940.8,17182.8,17182.8,16214.7,4.17M,4.87%
06/02/2018,16154.2,15609.7,16759.3,15609.7,10.93M,-3.61%
05/02/2018,16759.3,17606.3,17606.3,16759.3,7.17M,-6.89%
02/02/2018,17999.6,17848.3,17999.6,17424.8,3.34M,0.85%
01/02/2018,17848.3,18453.3,18816.4,17545.8,5.03M,-3.28%
31/01/2018,18453.3,18725.6,19421.4,18453.3,4.70M,0.16%
30/01/2018,18423.1,17061.8,18423.1,16850,10.47M,6.84%
29/01/2018,17243.3,17364.3,17576.1,17122.3,5.25M,-0.70%
26/01/2018,17364.3,17545.8,17727.3,17061.8,5.90M,-1.03%
25/01/2018,17545.8,16880.3,17757.6,16456.8,11.87M,4.69%
22/01/2018,16759.3,16638.3,16850,16335.7,8.17M,0.73%
19/01/2018,16638.3,15730.7,16789.5,15609.7,12.13M,5.77%
18/01/2018,15730.7,14913.9,15730.7,14671.9,13.09M,4.00%
17/01/2018,15125.7,15912.2,15942.5,14883.7,9.04M,-3.85%
16/01/2018,15730.7,15398,16124,15398,8.93M,0.78%
15/01/2018,15609.7,14611.4,15609.7,14581.2,8.64M,6.83%
12/01/2018,14611.4,14823.2,14974.4,14460.2,6.35M,-1.43%
11/01/2018,14823.2,14399.7,14823.2,14157.6,9.85M,2.08%
10/01/2018,14520.7,14278.7,14671.9,14157.6,10.82M,1.69%
09/01/2018,14278.7,14187.9,14520.7,13734.1,8.55M,1.51%
08/01/2018,14066.9,13189.6,14066.9,13038.3,8.78M,6.90%
05/01/2018,13159.4,13310.6,13522.4,13098.8,13.87M,-2.68%
04/01/2018,13522.4,13431.6,13824.9,13401.4,8.92M,1.13%
03/01/2018,13371.1,13401.4,13522.4,13159.4,7.43M,-0.23%
02/01/2018,13401.4,13310.6,13401.4,13189.6,9.86M,2.78%
29/12/2017,13038.3,12463.6,13250.1,12463.6,18.85M,4.61%
28/12/2017,12463.6,12584.6,12584.6,12463.6,4.87M,-0.72%
27/12/2017,12554.3,12463.6,12645.1,12433.3,7.38M,0.97%
26/12/2017,12433.3,11979.5,12433.3,11919,4.19M,3.53%
25/12/2017,12009.8,12191.3,12221.6,12009.8,3.19M,-1.00%
22/12/2017,12130.8,12342.6,12342.6,12040.1,5.02M,-1.72%
21/12/2017,12342.6,12524.1,12766.1,12342.6,10.42M,-0.49%
20/12/2017,12403.1,12221.6,12433.3,12130.8,7.71M,3.01%
19/12/2017,12040.1,11919,12221.6,11858.5,8.04M,1.02%
18/12/2017,11919,11979.5,12161.1,11919,4.86M,0.00%
15/12/2017,11919,11798,11949.3,11707.3,3.34M,1.03%
14/12/2017,11798,11314,11798,11314,4.00M,3.72%
13/12/2017,11374.5,11616.5,11616.5,11193,6.86M,-2.08%
12/12/2017,11616.5,11888.8,12009.8,11041.8,11.45M,-2.04%
11/12/2017,11858.5,11949.3,12251.8,11858.5,6.37M,-1.75%
08/12/2017,12070.3,12100.6,12342.6,11949.3,5.03M,-0.25%
07/12/2017,12100.6,12161.1,12312.3,11858.5,5.23M,-0.50%
06/12/2017,12161.1,12161.1,12342.6,11919,7.72M,-0.99%
05/12/2017,12282.1,12705.6,12917.3,12282.1,11.06M,-3.33%
04/12/2017,12705.6,12463.6,12705.6,12282.1,9.42M,3.70%
01/12/2017,12251.8,11949.3,12403.1,11919,8.61M,2.79%
